PROFILE_CODE,SPECIES_ID,WEIGHT_PERCENT
1098,598,10
1098,604,20
1098,281,15
1098,302,15
1098,673,15
1098,840,25
4241,294,70
4241,296,0.0301
4241,328,0.0101
4241,337,4.2359
4241,347,0.0276
4241,379,0.0016
4241,380,0.0867
4241,436,115.6164
4241,487,0.1145
4241,488,0.6268
4241,526,0.0349
4241,528,0.0263
4241,586,0.0118
4241,612,0.0349
4241,613,0.2999
4241,626,27.6849
4241,649,0.0539
4241,666,0.1253
4241,693,0.0065
4241,694,0.1185
4241,696,0.3534
4241,697,0.0217
4241,699,4.3185
4241,700,2.8126
4241,714,0.0963
4241,715,0.2
4241,765,0.0113
4241,767,0.0295
4241,778,0.6519
4241,779,0.0048
4241,785,0.8547
4241,789,31.4278
4241,790,12.0711
4241,791,8.7575
4241,794,12.6738
4241,796,22.5386
4241,797,89.8799
4241,810,0.0605
4241,830,1590
4241,1190,53.6951
4241,2302,0.1816
2402,167,3.70E-01
2402,172,1.60E-01
2402,173,2.40E-01
2402,281,3.21E+00
2402,310,2.00E+00
2402,331,8.00E-02
2402,395,2.00E-01
2402,396,1.35E+00
2402,434,1.39E+01
2402,440,1.42E+00
2402,442,2.28E+00
2402,455,1.60E-01
2402,493,3.64E+00
2402,507,2.57E+01
2402,513,4.57E+00
2402,534,8.00E-02
2402,536,1.16E+01
2402,539,3.09E+00
2402,593,5.31E+00
2402,674,1.11E+00
2402,682,2.00E-01
2402,684,4.10E-01
2402,692,1.36E+00
2402,717,1.30E+01
2402,2137,2.00E-01
2402,2215,2.80E-01
2402,2278,3.02E+00
2402,2283,1.13E+00
3150,3,0.01
3150,21,0.07
3150,22,0.05
3150,23,0.08
3150,25,0.23
3150,28,0.06
3150,30,1.26
3150,32,0.11
3150,33,0.05
3150,36,0.01
3150,37,0.04
3150,39,0.17
3150,42,0.33
3150,44,0.5
3150,45,0.08
3150,46,0.83
3150,47,0.01
3150,51,0.1
3150,52,0.02
3150,53,0.12
3150,55,0.17
3150,57,0.03
3150,59,0.12
3150,60,0.11
3150,63,0.02
3150,64,0.66
3150,71,0.01
3150,78,0.08
3150,80,0.37
3150,81,0.1
3150,83,0.02
3150,84,0.05
3150,89,1.07
3150,90,0.01
3150,92,0.28
3150,94,0.46
3150,95,0.04
3150,97,0.01
3150,106,0.02
3150,108,0.14
3150,109,0.43
3150,112,0.03
3150,116,0.06
3150,117,0.08
3150,118,1.99
3150,120,0.11
3150,121,0.35
3150,122,0.51
3150,124,0.08
3150,125,0.02
3150,130,0.63
3150,132,0.05
3150,133,0.02
3150,135,0.01
3150,136,0.98
3150,137,0.01
3150,138,0.28
3150,139,0.04
3150,140,1.69
3150,143,0.01
3150,146,0.01
3150,147,0.06
3150,148,0.08
3150,149,0.29
3150,151,0.05
3150,152,0.53
3150,156,0.33
3150,158,0.03
3150,160,0.16
3150,162,0.06
3150,170,0.01
3150,181,0.32
3150,184,0.06
3150,185,0.39
3150,186,0.02
3150,187,0.07
3150,188,0.2
3150,190,0.05
3150,193,0.33
3150,195,0.08
3150,197,0.14
3150,198,0.06
3150,199,3.21
3150,203,0.01
3150,206,0.01
3150,207,0.05
3150,208,0.02
3150,211,0.05
3150,215,0.13
3150,229,0.24
3150,230,0.25
3150,232,0.1
3150,235,0.03
3150,239,0.02
3150,240,0.01
3150,242,0.07
3150,244,0.53
3150,245,0.76
3150,247,0.44
3150,248,1.93
3150,258,0.07
3150,261,0.01
3150,262,0.06
3150,264,0.18
3150,265,0.02
3150,267,0.18
3150,273,0.07
3150,279,0.75
3150,281,0.46
3150,282,2.34
3150,283,0.18
3150,301,0.61
3150,302,3.44
3150,313,0.05
3150,324,0.06
3150,351,0.01
3150,352,0.05
3150,353,0.2
3150,357,0.07
3150,367,0.25
3150,368,0.03
3150,369,0.04
3150,370,0.01
3150,371,0.11
3150,382,0.13
3150,385,0.45
3150,388,0.07
3150,390,0.28
3150,391,0.18
3150,438,1.77
3150,442,0.01
3150,449,1.5
3150,450,0.02
3150,451,0.13
3150,452,8.94
3150,465,3.12
3150,485,0.12
3150,491,0.02
3150,497,3.95
3150,508,6.56
3150,511,0.14
3150,514,0.05
3150,517,0.08
3150,524,4.45
3150,529,5.58
3150,531,0.7
3150,536,0.06
3150,548,1.86
3150,550,0.5
3150,551,2.2
3150,592,0.75
3150,598,0.1
3150,599,0.01
3150,600,0.49
3150,601,1.31
3150,603,0.18
3150,604,0.35
3150,605,2.19
3150,606,0.03
3150,608,0.28
3150,610,0.04
3150,611,0.13
3150,620,1.55
3150,671,0.09
3150,673,0.13
3150,678,4.9
3150,698,0.13
3150,716,0.6
3150,717,6.79
3150,726,0.05
3150,727,0.23
3150,728,0.03
3150,729,0.05
3150,736,0.09
3150,737,0.35
3150,739,0.03
3150,740,0.13
3150,742,0.19
3150,743,0.04
3150,744,0.05
3150,770,0.12
8992,329,0.387693
8992,347,0.020472
8992,488,0.306917
8992,520,0.025535
8992,525,0.019137
8992,612,0.007621
8992,613,0.262746
8992,626,42.639458
8992,666,0.151428
8992,696,0.005178
8992,699,0.945117
8992,778,0.07844
8992,784,0.430696
8992,795,0.021474
8992,797,44.3689
8992,2669,8.527914
8992,2670,0.406385
8992,2671,1.395339
8992VBS,329,0.387693
8992VBS,347,0.020472
8992VBS,488,0.306917
8992VBS,520,0.025535
8992VBS,525,0.019137
8992VBS,612,0.007621
8992VBS,613,0.262746
8992VBS,666,0.151428
8992VBS,696,0.005178
8992VBS,699,0.945117
8992VBS,778,0.07844
8992VBS,784,0.430696
8992VBS,795,0.021474
8992VBS,797,44.3689
8992VBS,2670,0.406385
8992VBS,3245,23.441205
8992VBS,3246,21.942922
8992VBS,3247,4.590358
8992VBS,3248,2.112651
8992VBS,3249,7.608105
8992VBS,3250,4.688253
8992VBS,3251,4.388596
8992VBS,3252,0.918074
8992VBS,3253,0.422531
8992VBS,3254,1.521625
8995,292,0.058574
8995,329,0.34711
8995,488,0.127637
8995,525,0.011439
8995,613,0.180158
8995,626,14.515611
8995,669,0.019473
8995,694,0.218712
8995,696,0.034627
8995,699,1.028369
8995,715,0.00867
8995,784,0.357757
8995,795,0.127879
8995,797,78.97265
8995,2669,2.903122
8995,2671,1.088211
8995VBS,292,0.058574
8995VBS,329,0.34711
8995VBS,488,0.127637
8995VBS,525,0.011439
8995VBS,613,0.180158
8995VBS,669,0.019473
8995VBS,694,0.218712
8995VBS,696,0.034627
8995VBS,699,1.028369
8995VBS,715,0.00867
8995VBS,784,0.357757
8995VBS,795,0.127879
8995VBS,797,78.97265
8995VBS,2671,1.088211
8995VBS,3245,5.274973
8995VBS,3246,5.282231
8995VBS,3247,1.243988
8995VBS,3248,0.786746
8995VBS,3249,1.927673
8995VBS,3250,1.054995
8995VBS,3251,1.056446
8995VBS,3252,0.248798
8995VBS,3253,0.157349
8995VBS,3254,0.385535
100CROC,329,0.387691
100CROC,347,0.020472
100CROC,488,0.306915
100CROC,520,0.025535
100CROC,525,0.019137
100CROC,612,0.007621
100CROC,613,0.262745
100CROC,666,0.151427
100CROC,696,0.005178
100CROC,699,0.945113
100CROC,778,0.078439
100CROC,784,0.430694
100CROC,795,0.021474
100CROC,797,44.368701
100CROC,2670,0.406383
100CROC,2671,1.395333
100CROC,3394,6.521207
100CROC,3395,1.810837
100CROC,3396,3.934577
100CROC,3397,18.808142
100CROC,3398,20.09238
105CROC,292,0.89
105CROC,329,0.21
105CROC,347,0.25
105CROC,379,0.39
105CROC,488,0.25
105CROC,612,0.04
105CROC,666,0.04
105CROC,694,0.46
105CROC,699,0.64
105CROC,778,0.14
105CROC,797,9.25
105CROC,2671,43.05
105CROC,3394,4.408406
105CROC,3395,7.894024
105CROC,3396,2.938605
105CROC,3397,16.250744
105CROC,3398,12.898221
91161,292,5.553
91161,298,0.008
91161,328,0.05
91161,329,0.82
91161,347,0.55
91161,380,0.05
91161,488,6.3
91161,520,0.05
91161,526,0.14
91161,528,0.001
91161,586,0.55
91161,612,0.32
91161,613,0.05
91161,626,0.5
91161,666,0.031
91161,669,0.994
91161,694,28.2215
91161,696,0.8
91161,697,0.039
91161,699,0.55
91161,700,0.88
91161,715,0.4
91161,767,0.008
91161,778,0.3255
91161,779,0.275
91161,795,1.411
91161,810,0.0025
91161,2668,0.132
91161,2669,0.2
91161,2670,41.371613
91161,2671,10.296887
111CROC,347,0.026213
111CROC,525,0.387301
111CROC,699,6.8674
111CROC,784,1.791897
111CROC,797,6.919437
111CROC,2302,0.976828
111CROC,2670,0.125065
111CROC,2671,48.800573
111CROC,3394,0.881686
111CROC,3395,4.195218
111CROC,3396,8.862493
111CROC,3397,13.084524
111CROC,3398,7.081362
100CROC,3397,18.808142
100CROC,3398,20.09238
101CROC,292,0.323953
101CROC,329,1.443041
101CROC,347,0.073098
101CROC,380,0.095801
101CROC,488,1.827881
101CROC,520,0.047557
101CROC,525,0.144562
101CROC,526,0.023907
101CROC,586,0.021155
101CROC,612,0.026917
101CROC,613,0.288694
101CROC,666,0.433944
101CROC,669,0.085138
101CROC,694,0.323953
101CROC,696,0.039129
101CROC,699,7.187084
101CROC,715,0.034055
101CROC,778,0.592782
101CROC,784,2.778929
101CROC,795,0.104401
101CROC,797,14.000087
101CROC,810,0.021671
101CROC,2670,2.680376
101CROC,2671,0.563199
101CROC,3394,6.637803
101CROC,3395,11.886149
101CROC,3396,4.424702
101CROC,3397,24.468987
101CROC,3398,19.421044
102CROC,292,0.060154
102CROC,329,0.584029
102CROC,488,0.344381
102CROC,525,0.132664
102CROC,613,1.251585
102CROC,669,0.262455
102CROC,694,0.297084
102CROC,696,0.307717
102CROC,699,5.266531
102CROC,715,0.009309
102CROC,784,1.739422
102CROC,795,0.375973
102CROC,797,46.40314
102CROC,2671,1.2835
102CROC,3394,5.156986
102CROC,3395,3.549866
102CROC,3396,4.564453
102CROC,3397,13.393532
102CROC,3398,15.017218
103CROC,292,0.058574
103CROC,329,0.34711
103CROC,488,0.127637
103CROC,525,0.011439
103CROC,613,0.180158
103CROC,669,0.019473
103CROC,694,0.218712
103CROC,696,0.034627
103CROC,699,1.028369
103CROC,715,0.00867
103CROC,784,0.357757
103CROC,795,0.127879
103CROC,797,78.97265
103CROC,2671,1.088211
103CROC,3394,2.15508
103CROC,3395,1.483472
103CROC,3396,1.907463
103CROC,3397,5.597093
103CROC,3398,6.275624
104CROC,292,0.105377
104CROC,329,0.469678
104CROC,488,0.640951
104CROC,525,0.137222
104CROC,669,0.047189
104CROC,694,0.087616
104CROC,696,0.98644
104CROC,699,59.905266
104CROC,715,0.016395
104CROC,795,0.039446
104CROC,797,9.984211
104CROC,2671,0.780485
104CROC,3394,1.274641
104CROC,3395,0.138374
104CROC,3396,0.231502
104CROC,3397,17.261717
104CROC,3398,7.893489
106CROC,292,0.889911
106CROC,329,0.439956
106CROC,347,0.249975
106CROC,379,0.39996
106CROC,488,0.249975
106CROC,666,0.149985
106CROC,694,0.589941
106CROC,699,1.039896
106CROC,778,0.19998
106CROC,797,11.118888
106CROC,2671,39.736026
106CROC,3394,4.462581
106CROC,3395,7.991033
106CROC,3396,2.974718
106CROC,3397,16.450448
106CROC,3398,13.056727
107CROC,296,0.019997
107CROC,328,0.009998
107CROC,329,0.029995
107CROC,487,0.009998
107CROC,488,0.009998
107CROC,520,0.029995
107CROC,613,0.069988
107CROC,666,0.029995
107CROC,694,0.11998
107CROC,699,0.049992
107CROC,700,0.016664
107CROC,778,0.029995
107CROC,797,12.175971
107CROC,2670,0.194498
107CROC,2671,27.810335
107CROC,3394,5.898326
107CROC,3395,10.561987
107CROC,3396,3.931773
107CROC,3397,21.743049
107CROC,3398,17.257466
108CROC,292,0.060154
108CROC,329,0.584029
108CROC,488,0.344381
108CROC,525,0.132664
108CROC,613,1.251585
108CROC,669,0.262455
108CROC,694,0.297084
108CROC,696,0.307717
108CROC,699,5.266531
108CROC,715,0.009309
108CROC,784,1.739422
108CROC,795,0.375973
108CROC,797,46.40314
108CROC,2671,1.2835
108CROC,3395,1.723115
108CROC,3396,11.214687
108CROC,3397,14.391379
108CROC,3398,14.352874
109CROC,292,0.105377
109CROC,329,0.469678
109CROC,488,0.640951
109CROC,525,0.137222
109CROC,669,0.047189
109CROC,694,0.087616
109CROC,696,0.98644
109CROC,699,59.905266
109CROC,715,0.016395
109CROC,795,0.039446
109CROC,797,9.984211
109CROC,2671,0.780485
109CROC,3395,1.107887
109CROC,3396,7.210549
109CROC,3397,9.253023
109CROC,3398,9.228265
110CROC,292,0.060154
110CROC,329,0.584029
110CROC,488,0.344381
110CROC,525,0.132664
110CROC,613,1.251585
110CROC,669,0.262455
110CROC,694,0.297084
110CROC,696,0.307717
110CROC,699,5.266531
110CROC,715,0.009309
110CROC,784,1.739422
110CROC,795,0.375973
110CROC,797,46.40314
110CROC,2671,1.2835
110CROC,3394,5.156986
110CROC,3395,3.549866
110CROC,3396,4.564453
110CROC,3397,13.393532
110CROC,3398,15.017218
112CROC,292,0.060154
112CROC,329,0.584029
112CROC,488,0.344381
112CROC,525,0.132664
112CROC,613,1.251585
112CROC,669,0.262455
112CROC,694,0.297084
112CROC,696,0.307717
112CROC,699,5.266531
112CROC,715,0.009309
112CROC,784,1.739422
112CROC,795,0.375973
112CROC,797,46.40314
112CROC,2671,1.2835
112CROC,3394,5.156986
112CROC,3395,3.549866
112CROC,3396,4.564453
112CROC,3397,13.393532
112CROC,3398,15.017218
113CROC,292,0.060154
113CROC,329,0.584029
113CROC,488,0.344381
113CROC,525,0.132664
113CROC,613,1.251585
113CROC,669,0.262455
113CROC,694,0.297084
113CROC,696,0.307717
113CROC,699,5.266531
113CROC,715,0.009309
113CROC,784,1.739422
113CROC,795,0.375973
113CROC,797,46.40314
113CROC,2671,1.2835
113CROC,3394,5.156986
113CROC,3395,3.549866
113CROC,3396,4.564453
113CROC,3397,13.393532
113CROC,3398,15.017218
114CROC,296,0.061466
114CROC,300,0.052009
114CROC,328,0.023641
114CROC,329,1.91253
114CROC,380,0.014184
114CROC,487,0.037825
114CROC,488,0.078014
114CROC,519,0.095745
114CROC,525,0.333333
114CROC,586,0.014184
114CROC,612,0.026005
114CROC,666,0.195035
114CROC,694,0.340426
114CROC,699,12.078014
114CROC,714,0.035461
114CROC,715,0.014184
114CROC,767,0.082742
114CROC,778,0.200946
114CROC,797,7.092199
114CROC,2670,0.814648
114CROC,2671,23.30592
114CROC,3394,33.564626
114CROC,3395,4.772547
114CROC,3396,4.378775
114CROC,3397,4.884018
114CROC,3398,5.591523
100GROC,1,0.00824
100GROC,3,0.01641
100GROC,19,0.046685
100GROC,22,0.081899
100GROC,23,0.076725
100GROC,25,0.283468
100GROC,28,0.05282
100GROC,30,1.266519
100GROC,36,0.006413
100GROC,44,0.427468
100GROC,46,0.399477
100GROC,51,0.044845
100GROC,59,0.02884
100GROC,76,0.006399
100GROC,78,0.031258
100GROC,80,0.321631
100GROC,81,0.03888
100GROC,89,0.801401
100GROC,90,0.016828
100GROC,94,0.384251
100GROC,97,0.005424
100GROC,106,0.012436
100GROC,107,0.011393
100GROC,108,0.080224
100GROC,112,0.006258
100GROC,117,0.00843
100GROC,118,2.447384
100GROC,121,0.372093
100GROC,122,0.223394
100GROC,130,0.573447
100GROC,136,0.547923
100GROC,138,0.227651
100GROC,140,1.071717
100GROC,141,0.004155
100GROC,148,0.031155
100GROC,152,0.699496
100GROC,155,0.142159
100GROC,156,0.314164
100GROC,162,0.005277
100GROC,181,0.167478
100GROC,184,0.009177
100GROC,185,0.200102
100GROC,187,0.016315
100GROC,188,0.405277
100GROC,193,0.338597
100GROC,194,0.792647
100GROC,198,0.001491
100GROC,199,1.589529
100GROC,205,0.031141
100GROC,229,0.117931
100GROC,230,0.051422
100GROC,236,0.077827
100GROC,239,0.005911
100GROC,244,0.3787
100GROC,245,0.803516
100GROC,247,0.175786
100GROC,248,1.028418
100GROC,257,0.022514
100GROC,264,0.130529
100GROC,279,5.863741
100GROC,281,1.165138
100GROC,282,1.372417
100GROC,283,0.615912
100GROC,301,0.976659
100GROC,302,2.708253
100GROC,313,0.14735
100GROC,367,0.215167
100GROC,369,0.01126
100GROC,371,0.067119
100GROC,372,0.001793
100GROC,382,0.155805
100GROC,385,0.288829
100GROC,388,0.099485
100GROC,390,0.141445
100GROC,391,0.060224
100GROC,438,2.103824
100GROC,442,1.373523
100GROC,449,0.875898
100GROC,452,5.724689
100GROC,465,7.265636
100GROC,485,0.12729
100GROC,491,0.081223
100GROC,508,2.816035
100GROC,514,0.038152
100GROC,515,0.0223
100GROC,522,4.264718
100GROC,536,0.188357
100GROC,550,0.302728
100GROC,551,0.876047
100GROC,592,0.450829
100GROC,598,0.093096
100GROC,600,0.581306
100GROC,601,1.097542
100GROC,603,0.120519
100GROC,604,0.299834
100GROC,605,1.033577
100GROC,608,0.15942
100GROC,610,0.027929
100GROC,620,1.14462
100GROC,671,0.706664
100GROC,673,0.38315
100GROC,678,2.916918
100GROC,698,0.124996
100GROC,717,4.4382
100GROC,737,0.260205
100GROC,740,0.026273
100GROC,742,0.122316
100GROC,743,0.026247
100GROC,839,0.007227
100GROC,840,0.099557
100GROC,845,0.027759
100GROC,1065,0.021575
100GROC,1093,1.804531
100GROC,1161,0.086451
100GROC,2164,0.17367
100GROC,524,2.028453
100GROC,648,1.034537
100GROC,497,1.001947
100GROC,64,0.482953
100GROC,149,0.397169
100GROC,197,0.239173
100GROC,267,0.200121
100GROC,727,0.181096
100GROC,55,0.178313
100GROC,42,0.137368
100GROC,352,0.1149
100GROC,109,0.109994
100GROC,353,0.109329
100GROC,92,0.106647
100GROC,215,0.09639
100GROC,31,0.078559
100GROC,60,0.077705
100GROC,725,0.075981
100GROC,364,0.074808
100GROC,53,0.071434
100GROC,39,0.066809
100GROC,37,0.066232
100GROC,147,0.064415
100GROC,726,0.061949
100GROC,212,0.06092
100GROC,126,0.048066
100GROC,100,0.045751
100GROC,208,0.044499
100GROC,132,0.042666
100GROC,120,0.04259
100GROC,151,0.041778
100GROC,354,0.041098
100GROC,84,0.038107
100GROC,27,0.037267
100GROC,734,0.036981
100GROC,511,0.036848
100GROC,33,0.036192
100GROC,52,0.035532
100GROC,160,0.035145
100GROC,116,0.034466
100GROC,195,0.032424
100GROC,86,0.03151
100GROC,744,0.03119
100GROC,370,0.025388
100GROC,450,0.023536
100GROC,351,0.020013
100GROC,45,0.019837
100GROC,125,0.017495
100GROC,139,0.017322
100GROC,133,0.017076
100GROC,207,0.016604
100GROC,127,0.015403
100GROC,232,0.015306
100GROC,143,0.015286
100GROC,158,0.014764
100GROC,190,0.014731
100GROC,137,0.013332
100GROC,451,0.011897
100GROC,186,0.011522
100GROC,262,0.010896
100GROC,770,0.010138
100GROC,124,0.009264
100GROC,368,0.008883
100GROC,258,0.008608
100GROC,746,0.008145
100GROC,242,0.00771
100GROC,95,0.007619
100GROC,65,0.006834
100GROC,128,0.006391
100GROC,203,0.006221
100GROC,103,0.005498
100GROC,142,0.005063
100GROC,71,0.004494
100GROC,728,0.004413
100GROC,741,0.004406
100GROC,739,0.004354
100GROC,135,0.004221
100GROC,206,0.004199
100GROC,146,0.003624
100GROC,261,0.003336
100GROC,209,0.003055
100GROC,47,0.003041
100GROC,235,0.002369
100GROC,240,0.00141
100GROC,221,0.001188
100GROC,231,0.000626
100GROC,170,0.000426
100GROC,3402,0.166053
100GROC,3401,0.153699
100GROC,3400,0.282283
100GROC,3399,0.272005
100GROC,3338,1.830336
100GROC,3337,0.397032
100GROC,599,0.024838
100GROC,609,0.017528
100GROC,1051,0.009429
100GROC,1049,0.003775
100GROC,1045,0.003726
100GROC,1043,0.003013
100GROC,611,0.342211
100GROC,196,0.071089
100GROC,105,0.04455
100GROC,1057,0.338797
100GROC,529,14.16
101GROC,3,0.015273
101GROC,20,0.008978
101GROC,22,0.07809
101GROC,23,0.071407
101GROC,25,0.263823
101GROC,28,0.04916
101GROC,30,1.178747
101GROC,36,0.005969
101GROC,44,0.397844
101GROC,46,0.371793
101GROC,48,0.112215
101GROC,51,0.041737
101GROC,59,0.026842
101GROC,64,0.449483
101GROC,78,0.029092
101GROC,80,0.299341
101GROC,81,0.036186
101GROC,89,0.745863
101GROC,90,0.015661
101GROC,94,0.357621
101GROC,97,0.005048
101GROC,103,0.005117
101GROC,106,0.011575
101GROC,112,0.005825
101GROC,113,0.153355
101GROC,118,2.277776
101GROC,121,0.346306
101GROC,122,0.207912
101GROC,125,0.016283
101GROC,126,0.044735
101GROC,128,0.005948
101GROC,130,0.533706
101GROC,136,0.509951
101GROC,138,0.211874
101GROC,140,0.997445
101GROC,141,0.003867
101GROC,142,0.004712
101GROC,148,0.028996
101GROC,151,0.038882
101GROC,152,0.65102
101GROC,155,0.015121
101GROC,184,0.008541
101GROC,187,0.015184
101GROC,193,0.315132
101GROC,198,0.001387
101GROC,199,1.479372
101GROC,215,0.08971
101GROC,226,0.022652
101GROC,229,0.109759
101GROC,239,0.005502
101GROC,244,0.352455
101GROC,245,0.747831
101GROC,247,0.163604
101GROC,248,0.957147
101GROC,258,0.008011
101GROC,264,0.121484
101GROC,279,5.457373
101GROC,281,1.084392
101GROC,282,1.277306
101GROC,283,0.573228
101GROC,301,0.908974
101GROC,302,2.520566
101GROC,327,1.818415
101GROC,351,0.018626
101GROC,353,0.101752
101GROC,357,0.055832
101GROC,367,0.200256
101GROC,371,0.062468
101GROC,372,0.001669
101GROC,385,0.268813
101GROC,388,0.09259
101GROC,391,0.05605
101GROC,438,1.958025
101GROC,442,3.172655
101GROC,449,0.815197
101GROC,450,0.021905
101GROC,452,5.327957
101GROC,465,6.762113
101GROC,485,0.118468
101GROC,497,0.93251
101GROC,507,3.623671
101GROC,508,2.620878
101GROC,511,0.034294
101GROC,513,0.530716
101GROC,514,0.035508
101GROC,531,0.447099
101GROC,536,0.175304
101GROC,550,0.281748
101GROC,551,0.815335
101GROC,592,0.419585
101GROC,598,0.086644
101GROC,600,0.541021
101GROC,601,1.021481
101GROC,603,0.112167
101GROC,604,0.279055
101GROC,605,0.961948
101GROC,608,0.148372
101GROC,610,0.025994
101GROC,620,1.065296
101GROC,671,0.657691
101GROC,673,0.356597
101GROC,678,2.71477
101GROC,698,0.116333
101GROC,717,4.130624
101GROC,724,0.020358
101GROC,725,0.070716
101GROC,729,0.015121
101GROC,737,0.242172
101GROC,740,0.024452
101GROC,742,0.113839
101GROC,840,0.092657
101GROC,845,0.025835
101GROC,1999,0.018941
101GROC,2119,0.01146
101GROC,2164,0.035918
101GROC,524,1.887878
101GROC,648,0.962841
101GROC,194,0.737715
101GROC,188,0.377191
101GROC,149,0.369644
101GROC,156,0.292392
101GROC,197,0.222598
101GROC,267,0.186252
101GROC,185,0.186234
101GROC,727,0.168545
101GROC,55,0.165955
101GROC,181,0.155871
101GROC,382,0.145007
101GROC,313,0.137138
101GROC,390,0.131643
101GROC,42,0.127848
101GROC,352,0.106937
101GROC,109,0.102371
101GROC,92,0.099256
101GROC,491,0.075594
101GROC,108,0.074664
101GROC,31,0.073115
101GROC,236,0.072434
101GROC,60,0.07232
101GROC,364,0.069624
101GROC,53,0.066483
101GROC,39,0.062179
101GROC,37,0.061642
101GROC,147,0.059951
101GROC,726,0.057656
101GROC,212,0.056699
101GROC,230,0.047859
101GROC,100,0.04258
101GROC,208,0.041415
101GROC,132,0.039709
101GROC,120,0.039638
101GROC,354,0.03825
101GROC,84,0.035467
101GROC,27,0.034684
101GROC,734,0.034418
101GROC,33,0.033684
101GROC,52,0.03307
101GROC,160,0.03271
101GROC,116,0.032078
101GROC,195,0.030177
101GROC,86,0.029326
101GROC,744,0.029028
101GROC,743,0.024428
101GROC,370,0.023629
101GROC,45,0.018462
101GROC,139,0.016122
101GROC,133,0.015892
101GROC,207,0.015453
101GROC,127,0.014335
101GROC,232,0.014245
101GROC,143,0.014227
101GROC,158,0.013741
101GROC,190,0.01371
101GROC,137,0.012408
101GROC,451,0.011072
101GROC,186,0.010724
101GROC,107,0.010604
101GROC,369,0.01048
101GROC,262,0.010141
101GROC,770,0.009435
101GROC,124,0.008622
101GROC,368,0.008267
101GROC,117,0.007846
101GROC,1,0.007669
101GROC,746,0.007581
101GROC,242,0.007176
101GROC,95,0.007091
101GROC,65,0.00636
101GROC,76,0.005955
101GROC,203,0.00579
101GROC,162,0.004911
101GROC,71,0.004183
101GROC,728,0.004107
101GROC,741,0.004101
101GROC,739,0.004053
101GROC,135,0.003929
101GROC,206,0.003908
101GROC,146,0.003373
101GROC,261,0.003105
101GROC,209,0.002844
101GROC,47,0.00283
101GROC,235,0.002205
101GROC,240,0.001312
101GROC,221,0.001106
101GROC,231,0.000582
101GROC,170,0.000396
101GROC,3402,0.48603
101GROC,3401,0.147969
101GROC,3400,0.27176
101GROC,3399,0.261865
101GROC,3338,1.735888
101GROC,3337,0.382231
101GROC,599,0.023912
101GROC,609,0.016875
101GROC,1051,0.009077
101GROC,1049,0.003635
101GROC,1045,0.003587
101GROC,1043,0.002901
101GROC,611,0.329454
101GROC,196,0.068439
101GROC,105,0.042889
101GROC,1467,0.021729
101GROC,1712,0.004487
101GROC,529,17.36
102GROC,1,0.024661
102GROC,19,0.039456
102GROC,22,0.069216
102GROC,23,1.146341
102GROC,30,1.879352
102GROC,46,0.080001
102GROC,51,0.257506
102GROC,78,1.248375
102GROC,89,0.023383
102GROC,90,0.366981
102GROC,97,0.38588
102GROC,112,0.665222
102GROC,118,0.36071
102GROC,130,0.937609
102GROC,148,0.602409
102GROC,152,0.697246
102GROC,155,0.120145
102GROC,194,0.01933
102GROC,199,4.002203
102GROC,205,0.026319
102GROC,239,0.108255
102GROC,244,1.152031
102GROC,248,2.037237
102GROC,257,0.019028
102GROC,264,0.496888
102GROC,279,0.801448
102GROC,281,0.174805
102GROC,282,0.435728
102GROC,301,0.829591
102GROC,302,5.510653
102GROC,313,0.001035
102GROC,388,0.020406
102GROC,390,1.017718
102GROC,438,2.446372
102GROC,442,1.160827
102GROC,452,3.409628
102GROC,465,2.196835
102GROC,485,0.410324
102GROC,491,3.189438
102GROC,514,0.008768
102GROC,515,0.018847
102GROC,522,3.604308
102GROC,551,0.488653
102GROC,600,0.777009
102GROC,604,1.486435
102GROC,610,0.061534
102GROC,620,1.650715
102GROC,678,2.091132
102GROC,698,0.121538
102GROC,717,4.577417
102GROC,737,0.001347
102GROC,839,0.006108
102GROC,840,0.010399
102GROC,1065,0.018234
102GROC,1093,1.525091
102GROC,1161,0.073064
102GROC,2164,0.146777
102GROC,524,2.620873
102GROC,45,1.520344
102GROC,648,1.345437
102GROC,143,1.288558
102GROC,353,1.255147
102GROC,195,1.13297
102GROC,370,0.661919
102GROC,124,0.623188
102GROC,364,0.508156
102GROC,734,0.492215
102GROC,231,0.448751
102GROC,60,0.418511
102GROC,215,0.369599
102GROC,151,0.300212
102GROC,84,0.262829
102GROC,450,0.188816
102GROC,27,0.160174
102GROC,42,0.160071
102GROC,158,0.157347
102GROC,95,0.078801
102GROC,71,0.075902
102GROC,37,0.041365
102GROC,92,0.028255
102GROC,126,0.01607
102GROC,186,0.006713
102GROC,3402,1.829225
102GROC,3401,0.95737
102GROC,3400,1.998297
102GROC,3399,1.759734
102GROC,3338,6.420984
102GROC,3337,1.740459
102GROC,599,0.107481
102GROC,609,0.075589
102GROC,1051,0.033589
102GROC,1049,0.018946
102GROC,1045,0.023839
102GROC,1043,0.015853
102GROC,611,0.886087
102GROC,196,0.293926
102GROC,105,0.13963
102GROC,1057,0.338797
102GROC,529,14.16
103GROC,20,0.007589
103GROC,22,0.06601
103GROC,23,1.067102
103GROC,30,1.749445
103GROC,46,0.074471
103GROC,48,0.094856
103GROC,51,0.239707
103GROC,78,1.162084
103GROC,89,0.021767
103GROC,90,0.341614
103GROC,97,0.359207
103GROC,112,0.61924
103GROC,113,0.129633
103GROC,118,0.335777
103GROC,126,0.014959
103GROC,130,0.872799
103GROC,148,0.560769
103GROC,151,0.279461
103GROC,152,0.64905
103GROC,155,0.012782
103GROC,199,3.725557
103GROC,215,0.344051
103GROC,226,0.019148
103GROC,239,0.100772
103GROC,244,1.072399
103GROC,248,1.896417
103GROC,264,0.462542
103GROC,279,0.746049
103GROC,281,0.162722
103GROC,282,0.405609
103GROC,301,0.772247
103GROC,302,5.129738
103GROC,327,1.53712
103GROC,353,1.168387
103GROC,357,0.047195
103GROC,388,0.018996
103GROC,438,2.277271
103GROC,442,2.681869
103GROC,450,0.175765
103GROC,452,3.173943
103GROC,465,2.044982
103GROC,485,0.381961
103GROC,507,3.063117
103GROC,513,0.448618
103GROC,514,0.008162
103GROC,531,0.377936
103GROC,551,0.454876
103GROC,600,0.7233
103GROC,604,1.383688
103GROC,610,0.05728
103GROC,620,1.536612
103GROC,678,1.946586
103GROC,698,0.113137
103GROC,717,4.26101
103GROC,724,0.017209
103GROC,737,0.001254
103GROC,840,0.00968
103GROC,1999,0.016011
103GROC,2119,0.009688
103GROC,2164,0.030362
103GROC,491,2.968974
103GROC,524,2.43971
103GROC,45,1.415253
103GROC,648,1.252436
103GROC,143,1.199488
103GROC,195,1.054656
103GROC,390,0.94737
103GROC,370,0.616165
103GROC,124,0.580111
103GROC,364,0.47303
103GROC,734,0.458191
103GROC,231,0.417732
103GROC,60,0.389582
103GROC,84,0.244662
103GROC,27,0.149102
103GROC,42,0.149006
103GROC,158,0.146471
103GROC,95,0.073354
103GROC,71,0.070655
103GROC,37,0.038506
103GROC,92,0.026302
103GROC,1,0.022957
103GROC,194,0.017994
103GROC,186,0.006249
103GROC,313,0.000964
103GROC,3402,2.087201
103GROC,3401,0.92168
103GROC,3400,1.923803
103GROC,3399,1.694133
103GROC,3338,6.155402
103GROC,3337,1.675577
103GROC,599,0.103475
103GROC,609,0.072772
103GROC,1051,0.032337
103GROC,1049,0.018239
103GROC,1045,0.02295
103GROC,1043,0.015262
103GROC,611,0.853055
103GROC,196,0.282968
103GROC,105,0.134425
103GROC,1467,0.021729
103GROC,1712,0.004487
103GROC,529,17.36
104GROC,23,0.074117
104GROC,25,0.053435
104GROC,28,0.035542
104GROC,44,0.045031
104GROC,46,0.376163
104GROC,51,0.073489
104GROC,59,0.097552
104GROC,64,0.508717
104GROC,76,0.163821
104GROC,80,0.084225
104GROC,89,0.050184
104GROC,94,0.042395
104GROC,108,0.218408
104GROC,118,0.281817
104GROC,121,0.06124
104GROC,122,0.045899
104GROC,130,0.034713
104GROC,135,0.002533
104GROC,136,0.0726
104GROC,138,0.00723
104GROC,140,0.083934
104GROC,152,0.261814
104GROC,181,0.06097
104GROC,184,3.051179
104GROC,185,0.125595
104GROC,187,0.013311
104GROC,193,0.066601
104GROC,194,0.075923
104GROC,199,0.042257
104GROC,236,0.0098
104GROC,239,0.119006
104GROC,244,0.058306
104GROC,245,0.140104
104GROC,247,0.15249
104GROC,264,0.019182
104GROC,279,3.667504
104GROC,282,0.983282
104GROC,301,0.521537
104GROC,302,0.478008
104GROC,313,0.294597
104GROC,367,0.060356
104GROC,369,0.022339
104GROC,385,0.129238
104GROC,388,0.054879
104GROC,390,0.04146
104GROC,391,0.065111
104GROC,435,0.012803
104GROC,438,0.042663
104GROC,449,0.140692
104GROC,452,5.655639
104GROC,465,8.20714
104GROC,485,0.030164
104GROC,508,0.034103
104GROC,511,0.065899
104GROC,514,0.013526
104GROC,515,0.161996
104GROC,522,0.271739
104GROC,536,0.122141
104GROC,550,0.123572
104GROC,551,1.923065
104GROC,596,0.022532
104GROC,598,0.434008
104GROC,600,0.134513
104GROC,601,0.330245
104GROC,603,0.218778
104GROC,604,0.099176
104GROC,605,0.337117
104GROC,608,0.027547
104GROC,610,0.486801
104GROC,620,0.118132
104GROC,673,0.459413
104GROC,678,2.09525
104GROC,698,0.023796
104GROC,717,0.292918
104GROC,737,0.089271
104GROC,740,0.039123
104GROC,839,0.318501
104GROC,845,0.069088
104GROC,977,0.000698
104GROC,1083,0.037688
104GROC,1098,0.022586
104GROC,1118,0.015991
104GROC,1125,0.067075
104GROC,1161,0.05396
104GROC,2258,0.002326
104GROC,2673,0.000534
104GROC,2297,3.529424
104GROC,188,1.254337
104GROC,281,1.092668
104GROC,283,0.926812
104GROC,524,0.270719
104GROC,497,0.254051
104GROC,42,0.06772
104GROC,230,0.051274
104GROC,104,0.100996
104GROC,840,0.03003
104GROC,30,0.022552
104GROC,195,0.061267
104GROC,3402,0.170222
104GROC,3401,0.784642
104GROC,3400,0.823878
104GROC,3399,0.554703
104GROC,3391,2.829437
104GROC,3390,2.540182
104GROC,3389,1.711714
104GROC,3388,0.758007
104GROC,3380,14.462188
104GROC,3379,14.550957
104GROC,3378,11.123396
104GROC,3377,4.173905
104GROC,599,0.419912
104GROC,609,0.439789
104GROC,1051,0.264285
104GROC,1049,0.259597
104GROC,1045,0.219694
104GROC,1043,0.178704
104GROC,611,0.180875
104GROC,196,0.20709
104GROC,105,0.115832
104GROC,716,0.039033
105GROC,3,0.115547
105GROC,23,0.088671
105GROC,25,0.032855
105GROC,28,0.043739
105GROC,30,0.425846
105GROC,46,0.056045
105GROC,48,0.010494
105GROC,60,0.069205
105GROC,63,0.072344
105GROC,64,0.017542
105GROC,78,0.00585
105GROC,80,0.030813
105GROC,81,0.036751
105GROC,89,0.044361
105GROC,90,0.02838
105GROC,92,0.008574
105GROC,118,0.212235
105GROC,121,0.020087
105GROC,124,0.377413
105GROC,125,0.000653
105GROC,126,0.008868
105GROC,128,0.295956
105GROC,130,0.304071
105GROC,136,0.049797
105GROC,140,0.199247
105GROC,142,0.024338
105GROC,160,0.115591
105GROC,184,0.005848
105GROC,187,0.016708
105GROC,199,0.076537
105GROC,208,0.002642
105GROC,209,0.037626
105GROC,221,0.005626
105GROC,226,0.04422
105GROC,244,0.039893
105GROC,245,0.083687
105GROC,248,0.0779
105GROC,253,0.090883
105GROC,258,0.031475
105GROC,279,5.211991
105GROC,281,0.915712
105GROC,282,0.015642
105GROC,283,0.002371
105GROC,301,0.050825
105GROC,302,0.265213
105GROC,313,0.130875
105GROC,391,0.006214
105GROC,438,0.697367
105GROC,449,0.015667
105GROC,452,1.986978
105GROC,465,0.754979
105GROC,491,0.046959
105GROC,497,0.445128
105GROC,517,0.046382
105GROC,522,0.591449
105GROC,536,1.296739
105GROC,550,0.50742
105GROC,551,0.008689
105GROC,592,0.040688
105GROC,598,0.284249
105GROC,600,0.157917
105GROC,601,0.134399
105GROC,603,0.035201
105GROC,604,0.017412
105GROC,605,0.575663
105GROC,610,0.153843
105GROC,620,0.011841
105GROC,671,1.202289
105GROC,673,0.40291
105GROC,678,0.206391
105GROC,717,0.073147
105GROC,840,0.122423
105GROC,845,0.003313
105GROC,1655,0.018304
105GROC,2297,0.432036
105GROC,2568,0.028096
105GROC,188,2.731178
105GROC,382,0.175501
105GROC,508,0.048966
105GROC,524,0.017993
105GROC,42,0.007731
105GROC,108,0.002951
105GROC,737,0.002459
105GROC,3402,0.014451
105GROC,3401,0.181258
105GROC,3400,0.132029
105GROC,3399,0.139632
105GROC,3391,1.097923
105GROC,3390,1.23896
105GROC,3389,0.70691
105GROC,3388,0.370881
105GROC,3380,7.190113
105GROC,3379,8.04509
105GROC,3378,3.45615
105GROC,3377,1.263922
105GROC,599,0.262236
105GROC,609,0.186027
105GROC,1051,0.156318
105GROC,1049,0.096572
105GROC,1045,0.081662
105GROC,1043,0.058514
105GROC,611,0.052193
105GROC,196,0.02914
105GROC,105,0.013816
105GROC,1711,0.494385
105GROC,529,51.64
106GROC,3,0.059999
106GROC,25,2.345198
106GROC,28,0.64763
106GROC,30,0.092764
106GROC,80,0.012289
106GROC,106,0.032757
106GROC,118,0.190862
106GROC,122,1.239171
106GROC,125,0.155498
106GROC,148,0.31533
106GROC,151,0.323534
106GROC,152,0.747829
106GROC,160,0.424328
106GROC,185,1.557508
106GROC,194,0.213096
106GROC,198,0.100542
106GROC,199,0.30393
106GROC,212,0.111598
106GROC,221,0.259442
106GROC,245,0.134455
106GROC,247,0.080774
106GROC,279,1.783489
106GROC,281,0.522509
106GROC,282,0.425779
106GROC,283,0.153874
106GROC,301,0.016027
106GROC,313,0.057864
106GROC,327,0.78305
106GROC,353,0.237238
106GROC,358,0.029892
106GROC,367,0.271741
106GROC,371,0.086056
106GROC,382,0.011311
106GROC,388,0.449901
106GROC,438,5.227011
106GROC,449,0.477817
106GROC,452,4.938512
106GROC,465,1.13792
106GROC,491,0.533311
106GROC,497,6.888164
106GROC,508,0.453737
106GROC,514,0.266546
106GROC,517,0.013064
106GROC,522,3.439898
106GROC,536,0.041325
106GROC,550,0.400161
106GROC,592,0.086556
106GROC,598,0.063604
106GROC,600,0.048552
106GROC,601,0.037448
106GROC,603,1.405989
106GROC,604,0.188043
106GROC,605,1.579687
106GROC,608,0.374125
106GROC,620,0.189568
106GROC,671,1.422121
106GROC,673,0.123774
106GROC,678,2.229666
106GROC,717,0.783689
106GROC,727,0.03419
106GROC,840,0.020957
106GROC,845,0.071736
106GROC,1999,0.734405
106GROC,2011,0.074106
106GROC,2329,0.286888
106GROC,3402,0.029882
106GROC,3401,0.37481
106GROC,3400,0.273013
106GROC,3399,0.288735
106GROC,3391,3.157836
106GROC,3390,2.561952
106GROC,3389,1.461766
106GROC,3388,0.766917
106GROC,3380,14.802644
106GROC,3379,16.635836
106GROC,3378,7.146713
106GROC,3377,2.613569
106GROC,599,0.542259
106GROC,609,0.384671
106GROC,1051,0.323238
106GROC,1049,0.199693
106GROC,1045,0.168864
106GROC,1043,0.120996
106GROC,611,0.107926
106GROC,196,0.060256
106GROC,105,0.028569
106GROC,1467,0.04769
106GROC,1711,0.134778
106GROC,2998,0.017559
107GROC,25,0.009539
107GROC,30,0.009539
107GROC,44,0.019077
107GROC,80,0.009539
107GROC,89,0.009539
107GROC,106,0.009539
107GROC,107,0.009539
107GROC,108,0.009539
107GROC,122,0.009539
107GROC,152,0.009539
107GROC,184,0.019077
107GROC,185,0.009539
107GROC,244,0.019077
107GROC,245,0.009539
107GROC,248,0.019077
107GROC,279,0.028616
107GROC,282,0.305236
107GROC,302,0.104925
107GROC,367,0.019077
107GROC,385,0.009539
107GROC,390,0.019077
107GROC,438,13.354088
107GROC,449,0.009539
107GROC,452,0.600934
107GROC,465,0.772629
107GROC,491,0.410161
107GROC,497,0.019077
107GROC,500,0.019077
107GROC,507,0.019077
107GROC,524,0.009539
107GROC,550,0.019077
107GROC,551,0.038155
107GROC,592,0.953863
107GROC,598,0.009539
107GROC,600,0.019077
107GROC,601,0.019077
107GROC,603,0.009539
107GROC,604,0.019077
107GROC,605,0.124002
107GROC,610,0.009539
107GROC,620,0.009539
107GROC,671,2.775743
107GROC,678,1.612029
107GROC,717,0.038155
107GROC,737,0.124002
107GROC,742,0.009539
107GROC,1923,0.009539
107GROC,1925,0.019077
107GROC,1964,0.009539
107GROC,2020,0.038155
107GROC,2108,0.009539
107GROC,2119,0.019077
107GROC,2120,0.248004
107GROC,2126,0.038155
107GROC,2127,0.019077
107GROC,2128,0.009539
107GROC,2130,0.019077
107GROC,2132,0.124002
107GROC,3402,0.137093
107GROC,3401,0.041737
107GROC,3400,0.076654
107GROC,3399,0.073863
107GROC,3338,0.497031
107GROC,3337,0.107815
107GROC,599,0.006745
107GROC,609,0.00476
107GROC,1051,0.00256
107GROC,1049,0.001025
107GROC,1045,0.001012
107GROC,1043,0.000818
107GROC,611,0.092928
107GROC,196,0.019304
107GROC,105,0.012098
107GROC,529,76.69
108GROC,30,0.012698
108GROC,44,0.064725
108GROC,46,0.058991
108GROC,48,0.025719
108GROC,64,0.15705
108GROC,78,0.002364
108GROC,89,0.008175
108GROC,103,0.013729
108GROC,118,0.404755
108GROC,122,0.022017
108GROC,126,0.032806
108GROC,127,0.077443
108GROC,128,0.12022
108GROC,130,0.004943
108GROC,136,0.180905
108GROC,141,0.00507
108GROC,152,0.019434
108GROC,184,0.002364
108GROC,185,0.050623
108GROC,187,0.012394
108GROC,193,0.057375
108GROC,194,0.229444
108GROC,199,0.28726
108GROC,230,0.044696
108GROC,232,0.03537
108GROC,236,0.019949
108GROC,244,0.060188
108GROC,245,0.122896
108GROC,248,0.245208
108GROC,279,8.842821
108GROC,281,0.358297
108GROC,282,0.754971
108GROC,283,0.048638
108GROC,301,0.042315
108GROC,302,0.917134
108GROC,313,0.005318
108GROC,367,0.403067
108GROC,369,0.012668
108GROC,371,0.025175
108GROC,385,0.003628
108GROC,390,0.065409
108GROC,391,0.039561
108GROC,438,3.376785
108GROC,442,20.113997
108GROC,449,0.295711
108GROC,452,11.129389
108GROC,465,1.519971
108GROC,491,0.1683
108GROC,497,0.215991
108GROC,507,0.76703
108GROC,508,1.039271
108GROC,511,0.002502
108GROC,517,0.009976
108GROC,536,0.005318
108GROC,550,0.04069
108GROC,551,0.032372
108GROC,592,0.839547
108GROC,600,0.111082
108GROC,601,0.22933
108GROC,604,0.057489
108GROC,605,0.873363
108GROC,608,0.003532
108GROC,620,0.235566
108GROC,671,0.108195
108GROC,673,0.132794
108GROC,678,0.757123
108GROC,698,0.019444
108GROC,717,0.964377
108GROC,737,0.273057
108GROC,740,0.004741
108GROC,742,0.024878
108GROC,3402,0.352988
108GROC,3401,0.107465
108GROC,3400,0.19737
108GROC,3399,0.190184
108GROC,3338,1.279757
108GROC,3337,0.277602
108GROC,599,0.017366
108GROC,609,0.012256
108GROC,1051,0.006593
108GROC,1049,0.00264
108GROC,1045,0.002605
108GROC,1043,0.002107
108GROC,611,0.239271
108GROC,196,0.049705
108GROC,105,0.031149
108GROC,529,39.98131
109GROC,30,0.010732
109GROC,44,0.054702
109GROC,46,0.049856
109GROC,48,0.021737
109GROC,64,0.13273
109GROC,78,0.001998
109GROC,89,0.006909
109GROC,103,0.011603
109GROC,118,0.342077
109GROC,122,0.018608
109GROC,126,0.027726
109GROC,127,0.065451
109GROC,128,0.101604
109GROC,130,0.004178
109GROC,136,0.152891
109GROC,141,0.004285
109GROC,152,0.016425
109GROC,184,0.001998
109GROC,185,0.042784
109GROC,187,0.010475
109GROC,193,0.04849
109GROC,194,0.193914
109GROC,199,0.242776
109GROC,230,0.037774
109GROC,232,0.029893
109GROC,236,0.01686
109GROC,244,0.050868
109GROC,245,0.103865
109GROC,248,0.207237
109GROC,279,7.473469
109GROC,281,0.302813
109GROC,282,0.638061
109GROC,283,0.041107
109GROC,301,0.035762
109GROC,302,0.775111
109GROC,313,0.004494
109GROC,367,0.34065
109GROC,369,0.010706
109GROC,371,0.021277
109GROC,385,0.003066
109GROC,390,0.05528
109GROC,391,0.033434
109GROC,438,2.853874
109GROC,442,16.999251
109GROC,449,0.249919
109GROC,452,9.405951
109GROC,465,1.284596
109GROC,491,0.142238
109GROC,497,0.182544
109GROC,507,0.648252
109GROC,508,0.878335
109GROC,511,0.002114
109GROC,517,0.008431
109GROC,536,0.004494
109GROC,550,0.034389
109GROC,551,0.027359
109GROC,592,0.70954
109GROC,600,0.09388
109GROC,601,0.193817
109GROC,604,0.048586
109GROC,605,0.738119
109GROC,608,0.002985
109GROC,620,0.199088
109GROC,671,0.091441
109GROC,673,0.112231
109GROC,678,0.639879
109GROC,698,0.016433
109GROC,717,0.815038
109GROC,737,0.230773
109GROC,740,0.004007
109GROC,742,0.021026
109GROC,3402,1.515865
109GROC,3401,0.669386
109GROC,3400,1.397194
109GROC,3399,1.230393
109GROC,3338,4.489504
109GROC,3337,1.216916
109GROC,599,0.07515
109GROC,609,0.052852
109GROC,1051,0.023485
109GROC,1049,0.013247
109GROC,1045,0.016668
109GROC,1043,0.011084
109GROC,611,0.619545
109GROC,196,0.205511
109GROC,105,0.097628
109GROC,529,39.98131
110GROC,1,0.00323
110GROC,3,0.069473
110GROC,20,0.008427
110GROC,21,0.018013
110GROC,22,0.067742
110GROC,23,0.012501
110GROC,25,0.020225
110GROC,28,0.121788
110GROC,30,2.031915
110GROC,36,0.085545
110GROC,37,0.005485
110GROC,39,0.034715
110GROC,43,0.023415
110GROC,44,0.728432
110GROC,46,0.20175
110GROC,48,0.113649
110GROC,51,0.167658
110GROC,52,0.016821
110GROC,53,0.076526
110GROC,59,0.396935
110GROC,60,0.242583
110GROC,63,0.112641
110GROC,64,0.113769
110GROC,78,0.090009
110GROC,80,0.595438
110GROC,81,0.063083
110GROC,84,0.03538
110GROC,86,0.124662
110GROC,89,1.755976
110GROC,90,0.038207
110GROC,92,0.213435
110GROC,94,0.746567
110GROC,100,0.042319
110GROC,103,0.107792
110GROC,106,0.168765
110GROC,108,0.166183
110GROC,109,0.022006
110GROC,112,0.056307
110GROC,113,0.911149
110GROC,117,0.024837
110GROC,118,7.697206
110GROC,121,0.559255
110GROC,122,0.087786
110GROC,124,0.096033
110GROC,125,0.090191
110GROC,126,0.408089
110GROC,127,0.082543
110GROC,128,1.404074
110GROC,129,0.01919
110GROC,130,2.330376
110GROC,132,0.088236
110GROC,136,0.711625
110GROC,137,0.017554
110GROC,140,0.605042
110GROC,141,0.087123
110GROC,142,0.011312
110GROC,148,0.076247
110GROC,151,0.057428
110GROC,152,1.369798
110GROC,155,0.086655
110GROC,156,0.002298
110GROC,160,0.004313
110GROC,181,0.281673
110GROC,184,0.100496
110GROC,185,0.567915
110GROC,186,0.102623
110GROC,187,0.127188
110GROC,193,0.750898
110GROC,194,2.519398
110GROC,198,0.59628
110GROC,199,1.679006
110GROC,203,0.009474
110GROC,205,0.030703
110GROC,206,0.082652
110GROC,208,0.093257
110GROC,209,0.016402
110GROC,211,0.041366
110GROC,212,0.084011
110GROC,215,0.086655
110GROC,221,0.009739
110GROC,229,0.207758
110GROC,230,0.192308
110GROC,231,0.018548
110GROC,232,0.07754
110GROC,233,0.084011
110GROC,236,0.151309
110GROC,239,0.191078
110GROC,242,0.002905
110GROC,244,1.163919
110GROC,245,1.526205
110GROC,247,0.422075
110GROC,248,1.033506
110GROC,253,0.092683
110GROC,258,0.001159
110GROC,262,0.063384
110GROC,264,0.706693
110GROC,279,0.097525
110GROC,281,0.037947
110GROC,282,3.000142
110GROC,283,0.02947
110GROC,301,0.102819
110GROC,302,1.319875
110GROC,327,3.737855
110GROC,351,0.106839
110GROC,353,0.065953
110GROC,354,0.025095
110GROC,357,0.139955
110GROC,362,0.082164
110GROC,364,0.045612
110GROC,367,0.074482
110GROC,368,0.049672
110GROC,369,0.073918
110GROC,370,0.073174
110GROC,371,0.208839
110GROC,372,0.089168
110GROC,373,0.006493
110GROC,382,0.018537
110GROC,385,0.050995
110GROC,388,0.026873
110GROC,390,0.072202
110GROC,391,0.087714
110GROC,438,0.238523
110GROC,442,0.054932
110GROC,449,3.26696
110GROC,450,0.169164
110GROC,452,1.733821
110GROC,465,0.348537
110GROC,491,0.21673
110GROC,497,0.725053
110GROC,508,9.932432
110GROC,511,0.105868
110GROC,513,0.016184
110GROC,514,0.104659
110GROC,517,0.013425
110GROC,522,6.105034
110GROC,531,0.07398
110GROC,536,0.009318
110GROC,550,0.416765
110GROC,551,0.39986
110GROC,592,1.635079
110GROC,596,0.028818
110GROC,598,0.073648
110GROC,600,1.114581
110GROC,601,0.732148
110GROC,603,0.33052
110GROC,604,0.435059
110GROC,605,0.81808
110GROC,606,0.075086
110GROC,608,0.649396
110GROC,610,0.11056
110GROC,620,2.198732
110GROC,671,0.043694
110GROC,673,0.047875
110GROC,677,0.002902
110GROC,678,1.108604
110GROC,698,0.211671
110GROC,703,0.028884
110GROC,717,8.370827
110GROC,724,0.37203
110GROC,725,0.097514
110GROC,726,0.029739
110GROC,727,0.219839
110GROC,729,0.008971
110GROC,730,0.061263
110GROC,736,0.102091
110GROC,737,0.19729
110GROC,739,0.057804
110GROC,740,0.135799
110GROC,741,0.079782
110GROC,742,0.363687
110GROC,743,0.083525
110GROC,745,0.043503
110GROC,746,0.053007
110GROC,840,0.001836
110GROC,845,0.004328
110GROC,996,0.014698
110GROC,1540,0.072295
110GROC,1586,0.088041
110GROC,1989,0.013073
110GROC,1999,0.07014
110GROC,2005,0.729323
110GROC,2011,0.15812
110GROC,2119,0.009318
110GROC,2164,0.044362
110GROC,2185,0.025824
110GROC,2244,0.012084
110GROC,2329,0.054435
110GROC,2560,0.010968
110GROC,2568,0.150241
110GROC,3402,0.681457
110GROC,3401,0.437858
110GROC,3400,0.249761
110GROC,3399,0.091568
110GROC,3338,2.388942
110GROC,3337,0.222022
110GROC,599,0.036603
110GROC,609,0.012954
110GROC,1051,0.005626
110GROC,1049,0.002536
110GROC,1045,0.001521
110GROC,1043,0.000858
110GROC,611,0.155915
110GROC,196,0.0857
110GROC,105,0.043044
110GROC,29,0.023166
110GROC,602,0.017788
110GROC,1467,0.044554
110GROC,1712,0.019928
110GROC,529,1.7
111GROC,1,0.003127
111GROC,3,0.053466
111GROC,20,0.002825
111GROC,21,0.018327
111GROC,22,0.067377
111GROC,23,0.011194
111GROC,25,0.061811
111GROC,28,0.136297
111GROC,30,1.934314
111GROC,36,0.073621
111GROC,37,0.003957
111GROC,39,0.026568
111GROC,43,0.017753
111GROC,44,0.696857
111GROC,46,0.255861
111GROC,48,0.116894
111GROC,51,0.16306
111GROC,52,0.013364
111GROC,53,0.007465
111GROC,59,0.378506
111GROC,60,0.231866
111GROC,63,0.131315
111GROC,64,0.123229
111GROC,78,0.104914
111GROC,80,0.477256
111GROC,81,0.049153
111GROC,84,0.027253
111GROC,86,0.151858
111GROC,89,1.481911
111GROC,90,0.025671
111GROC,92,0.177727
111GROC,94,0.615627
111GROC,100,0.022564
111GROC,103,0.160976
111GROC,106,0.066611
111GROC,108,0.215496
111GROC,109,0.018181
111GROC,112,0.066169
111GROC,113,1.015878
111GROC,117,0.01867
111GROC,118,12.300666
111GROC,121,0.039517
111GROC,122,0.067456
111GROC,124,0.085431
111GROC,125,0.053674
111GROC,126,0.591144
111GROC,127,0.068089
111GROC,128,0.201573
111GROC,129,0.019741
111GROC,130,0.643364
111GROC,132,0.036173
111GROC,136,0.522323
111GROC,137,0.023659
111GROC,138,0.124805
111GROC,140,0.001419
111GROC,141,0.103476
111GROC,142,0.017823
111GROC,148,0.057962
111GROC,151,0.064775
111GROC,152,0.915793
111GROC,155,0.065347
111GROC,160,0.006486
111GROC,181,0.4271
111GROC,184,0.12406
111GROC,185,0.731554
111GROC,186,0.127865
111GROC,187,0.177993
111GROC,193,0.531092
111GROC,194,4.856646
111GROC,198,0.454335
111GROC,199,2.246385
111GROC,203,0.009622
111GROC,205,0.036167
111GROC,206,0.078221
111GROC,208,0.039459
111GROC,209,0.02058
111GROC,211,0.028036
111GROC,212,0.069166
111GROC,215,0.065347
111GROC,221,0.011708
111GROC,229,0.316387
111GROC,230,0.12319
111GROC,231,0.01914
111GROC,232,0.085314
111GROC,233,0.069165
111GROC,236,0.227409
111GROC,239,0.264631
111GROC,242,0.003218
111GROC,244,0.701022
111GROC,245,1.308086
111GROC,247,0.300513
111GROC,248,1.495523
111GROC,253,0.06962
111GROC,258,0.018897
111GROC,262,0.078912
111GROC,264,0.170217
111GROC,279,0.316894
111GROC,281,0.046978
111GROC,282,2.599437
111GROC,283,0.041858
111GROC,301,0.062956
111GROC,302,1.190239
111GROC,327,3.442991
111GROC,351,0.096256
111GROC,353,0.018497
111GROC,354,0.026221
111GROC,357,0.151234
111GROC,362,0.063462
111GROC,364,0.056337
111GROC,367,0.100276
111GROC,368,0.055069
111GROC,369,0.092191
111GROC,370,0.012204
111GROC,371,0.271504
111GROC,372,0.111992
111GROC,373,0.006022
111GROC,382,0.022763
111GROC,385,0.073267
111GROC,388,0.035897
111GROC,390,0.100631
111GROC,391,0.123001
111GROC,438,0.276402
111GROC,442,7.381526
111GROC,449,2.112436
111GROC,450,0.103202
111GROC,452,1.873208
111GROC,465,0.470144
111GROC,491,0.015233
111GROC,497,0.986738
111GROC,508,5.941766
111GROC,511,0.138565
111GROC,514,0.060117
111GROC,517,0.017927
111GROC,522,5.09608
111GROC,531,0.124883
111GROC,536,0.009622
111GROC,550,0.609299
111GROC,551,0.579224
111GROC,592,1.131786
111GROC,596,0.022564
111GROC,598,0.056679
111GROC,600,0.597194
111GROC,601,0.676367
111GROC,603,0.150528
111GROC,604,0.291439
111GROC,605,0.83843
111GROC,606,0.086927
111GROC,608,0.459153
111GROC,610,0.104524
111GROC,620,1.758668
111GROC,671,0.029449
111GROC,673,0.04937
111GROC,677,0.006486
111GROC,678,1.222093
111GROC,698,0.16684
111GROC,703,0.030389
111GROC,717,7.517529
111GROC,724,0.167488
111GROC,725,0.095867
111GROC,726,0.029273
111GROC,727,0.340056
111GROC,729,0.02314
111GROC,730,0.075452
111GROC,736,0.132383
111GROC,737,0.220846
111GROC,739,0.065117
111GROC,740,0.171717
111GROC,741,0.107547
111GROC,742,0.474387
111GROC,743,0.105447
111GROC,745,0.049583
111GROC,746,0.044049
111GROC,840,0.001847
111GROC,845,0.004579
111GROC,996,0.013127
111GROC,1540,0.066728
111GROC,1586,0.10801
111GROC,1989,0.008449
111GROC,1999,0.067629
111GROC,2005,0.261421
111GROC,2011,0.112925
111GROC,2119,0.009622
111GROC,2164,0.073176
111GROC,2185,0.028727
111GROC,2244,0.00773
111GROC,2329,0.0585
111GROC,2560,0.03262
111GROC,2568,0.149392
111GROC,3402,0.681179
111GROC,3401,0.43768
111GROC,3400,0.249659
111GROC,3399,0.091531
111GROC,3338,2.403251
111GROC,3337,0.221932
111GROC,599,0.036588
111GROC,609,0.012949
111GROC,1051,0.005624
111GROC,1049,0.002535
111GROC,1045,0.00152
111GROC,1043,0.000858
111GROC,611,0.155851
111GROC,196,0.085665
111GROC,105,0.043026
111GROC,29,0.020233
111GROC,602,0.028411
111GROC,1467,0.017747
111GROC,1712,0.023721
111GROC,529,1.74
112GROC,3,0.049243
112GROC,13,0.02216
112GROC,20,0.003076
112GROC,21,0.000568
112GROC,22,0.001441
112GROC,23,0.083197
112GROC,25,0.215678
112GROC,28,0.013854
112GROC,30,1.333463
112GROC,36,0.026226
112GROC,39,0.120195
112GROC,44,0.416615
112GROC,46,0.979127
112GROC,48,0.333908
112GROC,51,0.061557
112GROC,52,0.060141
112GROC,53,0.033026
112GROC,54,0.024423
112GROC,59,0.019087
112GROC,60,0.054911
112GROC,63,0.002152
112GROC,64,0.346909
112GROC,78,0.032114
112GROC,80,0.322582
112GROC,81,0.170546
112GROC,84,0.036768
112GROC,86,0.003447
112GROC,89,0.975198
112GROC,90,0.271827
112GROC,92,0.122048
112GROC,94,0.400146
112GROC,100,0.110631
112GROC,103,0.013623
112GROC,106,0.104892
112GROC,109,0.003465
112GROC,112,0.023625
112GROC,113,0.405359
112GROC,117,0.00428
112GROC,118,3.618803
112GROC,121,0.29621
112GROC,122,0.028277
112GROC,124,0.004329
112GROC,125,0.053734
112GROC,126,0.058492
112GROC,128,0.581758
112GROC,130,0.895634
112GROC,132,0.046377
112GROC,136,0.373548
112GROC,138,0.132969
112GROC,140,1.795374
112GROC,141,0.0069
112GROC,148,0.042474
112GROC,151,0.007388
112GROC,152,1.052326
112GROC,155,0.051863
112GROC,184,0.032101
112GROC,185,0.192895
112GROC,187,0.035394
112GROC,193,0.208594
112GROC,198,0.176044
112GROC,199,0.318632
112GROC,203,0.017291
112GROC,206,0.024305
112GROC,208,0.025041
112GROC,209,0.007989
112GROC,212,0.037026
112GROC,215,0.05187
112GROC,229,0.025453
112GROC,230,0.040201
112GROC,232,0.029692
112GROC,233,0.037026
112GROC,236,0.030819
112GROC,239,0.035614
112GROC,242,0.00328
112GROC,244,0.25868
112GROC,245,0.181954
112GROC,247,0.109522
112GROC,248,0.193371
112GROC,253,0.00407
112GROC,262,0.004979
112GROC,264,0.056985
112GROC,279,0.335303
112GROC,281,0.238235
112GROC,282,12.965721
112GROC,283,0.029385
112GROC,301,0.409577
112GROC,302,5.420458
112GROC,327,1.019647
112GROC,351,0.034109
112GROC,353,0.020465
112GROC,354,0.001101
112GROC,357,0.033993
112GROC,362,0.009595
112GROC,364,0.017136
112GROC,367,0.172465
112GROC,368,0.01556
112GROC,369,0.023085
112GROC,371,0.096791
112GROC,372,0.00529
112GROC,382,0.028967
112GROC,385,0.050642
112GROC,388,0.114432
112GROC,390,0.035081
112GROC,391,0.028285
112GROC,438,0.890768
112GROC,442,0.134487
112GROC,449,1.723029
112GROC,450,0.021569
112GROC,451,0.001871
112GROC,452,8.596409
112GROC,465,1.549918
112GROC,491,0.134299
112GROC,497,2.561655
112GROC,508,2.132469
112GROC,511,0.182151
112GROC,513,0.013699
112GROC,514,0.091967
112GROC,517,0.048645
112GROC,522,3.446979
112GROC,531,0.16164
112GROC,536,0.013272
112GROC,550,0.079293
112GROC,551,0.057327
112GROC,592,0.598748
112GROC,595,0.054227
112GROC,596,0.110631
112GROC,598,0.052202
112GROC,600,0.249704
112GROC,601,0.181923
112GROC,603,0.163222
112GROC,604,0.213008
112GROC,605,0.320443
112GROC,606,0.025174
112GROC,607,0.092168
112GROC,608,0.265681
112GROC,610,0.03004
112GROC,620,1.149789
112GROC,671,0.258044
112GROC,673,0.039176
112GROC,678,5.089201
112GROC,698,0.762324
112GROC,717,8.307797
112GROC,724,0.005628
112GROC,725,0.027491
112GROC,726,0.001101
112GROC,727,0.003106
112GROC,730,0.006957
112GROC,737,0.3076
112GROC,739,0.011798
112GROC,740,0.012422
112GROC,741,0.006096
112GROC,742,0.032087
112GROC,743,0.000702
112GROC,840,0.000926
112GROC,845,0.012885
112GROC,1586,0.001535
112GROC,1999,0.126868
112GROC,2005,0.098682
112GROC,2011,0.001911
112GROC,2119,0.01319
112GROC,2164,0.256901
112GROC,2560,0.004667
112GROC,2568,0.011318
112GROC,3402,0.583086
112GROC,3401,0.374652
112GROC,3400,0.213707
112GROC,3399,0.07835
112GROC,3338,1.9767
112GROC,3337,0.189972
112GROC,599,0.031319
112GROC,609,0.011084
112GROC,1051,0.004814
112GROC,1049,0.00217
112GROC,1045,0.001301
112GROC,1043,0.000734
112GROC,611,0.133408
112GROC,196,0.073329
112GROC,105,0.03683
112GROC,29,0.000684
112GROC,1467,0.068732
112GROC,1712,0.088188
112GROC,529,15.89
113GROC,1,0.04247
113GROC,3,0.035351
113GROC,13,0.024365
113GROC,20,0.003035
113GROC,21,0.001489
113GROC,22,0.03891
113GROC,23,0.046914
113GROC,25,0.15689
113GROC,28,0.008468
113GROC,30,1.238779
113GROC,39,0.09061
113GROC,44,0.547767
113GROC,46,0.976975
113GROC,48,0.376016
113GROC,51,0.061448
113GROC,52,0.023987
113GROC,53,0.088889
113GROC,54,0.056679
113GROC,60,0.062243
113GROC,63,0.000698
113GROC,64,0.416347
113GROC,78,0.093663
113GROC,80,0.32286
113GROC,81,0.254854
113GROC,84,0.088951
113GROC,86,0.028767
113GROC,89,0.874632
113GROC,90,0.213522
113GROC,92,0.222517
113GROC,94,0.286391
113GROC,100,0.056195
113GROC,103,0.061064
113GROC,106,0.023153
113GROC,112,0.043617
113GROC,113,0.287295
113GROC,118,4.512201
113GROC,121,0.048546
113GROC,122,0.039513
113GROC,124,0.007343
113GROC,125,0.026985
113GROC,126,0.207426
113GROC,128,0.103557
113GROC,130,0.208715
113GROC,132,0.0111
113GROC,136,0.186873
113GROC,138,0.010942
113GROC,140,1.361361
113GROC,141,0.063384
113GROC,142,0.049888
113GROC,148,0.022146
113GROC,151,0.031784
113GROC,152,0.315815
113GROC,155,0.030916
113GROC,184,0.093649
113GROC,185,0.230396
113GROC,186,0.012672
113GROC,187,0.068468
113GROC,193,0.198374
113GROC,198,0.156682
113GROC,199,0.750141
113GROC,203,0.03674
113GROC,206,0.042207
113GROC,208,0.006748
113GROC,209,0.012342
113GROC,212,0.00895
113GROC,215,0.03093
113GROC,229,0.096786
113GROC,230,0.076639
113GROC,232,0.040366
113GROC,233,0.00895
113GROC,236,0.064792
113GROC,239,0.088243
113GROC,242,0.017802
113GROC,244,0.221908
113GROC,245,0.390602
113GROC,247,0.091042
113GROC,248,0.514133
113GROC,253,0.008935
113GROC,264,0.032997
113GROC,279,0.710013
113GROC,281,0.195426
113GROC,282,12.486782
113GROC,283,0.035587
113GROC,301,0.204678
113GROC,302,3.615887
113GROC,327,1.486199
113GROC,351,0.034823
113GROC,353,0.084635
113GROC,354,0.006835
113GROC,357,0.049662
113GROC,362,0.015791
113GROC,364,0.038639
113GROC,367,0.187002
113GROC,368,0.021043
113GROC,369,0.019813
113GROC,371,0.1374
113GROC,372,0.026679
113GROC,382,0.023517
113GROC,385,0.509449
113GROC,388,0.043997
113GROC,390,0.05371
113GROC,391,0.068868
113GROC,438,0.828134
113GROC,442,2.390016
113GROC,449,1.315475
113GROC,450,0.023432
113GROC,451,0.010862
113GROC,452,9.704173
113GROC,465,1.388414
113GROC,491,0.03024
113GROC,497,2.951181
113GROC,508,1.400884
113GROC,511,0.251649
113GROC,513,0.004579
113GROC,514,0.036795
113GROC,517,0.042382
113GROC,522,4.306391
113GROC,531,0.165041
113GROC,536,0.018912
113GROC,550,0.220699
113GROC,551,0.20325
113GROC,592,0.481215
113GROC,595,0.030826
113GROC,596,0.056195
113GROC,598,0.037473
113GROC,600,0.212912
113GROC,601,0.411849
113GROC,603,0.058398
113GROC,604,0.138114
113GROC,605,0.307987
113GROC,606,0.026563
113GROC,607,0.057204
113GROC,608,0.230555
113GROC,610,0.030773
113GROC,620,1.207271
113GROC,671,0.068409
113GROC,673,0.032914
113GROC,678,5.075951
113GROC,698,0.56271
113GROC,717,7.460585
113GROC,724,0.021125
113GROC,725,0.027601
113GROC,726,0.006835
113GROC,729,0.009471
113GROC,730,0.016947
113GROC,736,0.024457
113GROC,737,0.243258
113GROC,739,0.023742
113GROC,740,0.040991
113GROC,741,0.039875
113GROC,742,0.086959
113GROC,743,0.024655
113GROC,745,0.01133
113GROC,840,0.00431
113GROC,845,0.004216
113GROC,996,0.073816
113GROC,1586,0.025575
113GROC,1999,0.150527
113GROC,2005,0.094886
113GROC,2011,0.008162
113GROC,2119,0.018912
113GROC,2164,0.185887
113GROC,2185,0.004073
113GROC,2329,0.022383
113GROC,2560,0.005762
113GROC,3402,0.586483
113GROC,3401,0.376834
113GROC,3400,0.214952
113GROC,3399,0.078806
113GROC,3338,2.069824
113GROC,3337,0.191079
113GROC,599,0.031502
113GROC,609,0.011149
113GROC,1051,0.004842
113GROC,1049,0.002182
113GROC,1045,0.001309
113GROC,1043,0.000739
113GROC,611,0.134185
113GROC,196,0.073756
113GROC,105,0.037045
113GROC,1467,0.033378
113GROC,1712,0.043535
113GROC,529,15.4
114GROC,3,0.134821
114GROC,23,0.084044
114GROC,30,0.28807
114GROC,39,0.030061
114GROC,44,0.335554
114GROC,46,0.141622
114GROC,59,0.372077
114GROC,60,0.071549
114GROC,63,0.259456
114GROC,78,0.490216
114GROC,80,0.216481
114GROC,81,0.293079
114GROC,86,0.267625
114GROC,89,0.315955
114GROC,94,0.184886
114GROC,100,0.190838
114GROC,103,0.26479
114GROC,106,0.588646
114GROC,108,0.962773
114GROC,112,0.503493
114GROC,118,0.592111
114GROC,122,0.02679
114GROC,125,0.342156
114GROC,126,0.014007
114GROC,128,0.058938
114GROC,130,0.190196
114GROC,140,0.067055
114GROC,151,0.402064
114GROC,152,0.144491
114GROC,155,0.166302
114GROC,160,0.410499
114GROC,181,0.201527
114GROC,184,0.490216
114GROC,198,0.85152
114GROC,199,0.111231
114GROC,215,0.166302
114GROC,226,0.084107
114GROC,245,0.076231
114GROC,247,0.453905
114GROC,248,0.419069
114GROC,258,0.199001
114GROC,264,0.236676
114GROC,279,5.461992
114GROC,281,1.440388
114GROC,282,2.211088
114GROC,283,2.219868
114GROC,301,0.265331
114GROC,302,1.427118
114GROC,327,3.805752
114GROC,353,0.17539
114GROC,362,0.02679
114GROC,364,0.468333
114GROC,382,1.476384
114GROC,385,0.069654
114GROC,388,0.298737
114GROC,390,0.153795
114GROC,391,0.033029
114GROC,438,0.096195
114GROC,449,0.691612
114GROC,452,12.663865
114GROC,465,15.12032
114GROC,497,0.259204
114GROC,511,0.07002
114GROC,514,0.281324
114GROC,517,0.513344
114GROC,522,1.122155
114GROC,536,0.468995
114GROC,550,0.264919
114GROC,551,0.014007
114GROC,592,0.255908
114GROC,596,0.190838
114GROC,598,0.140558
114GROC,600,0.200053
114GROC,601,0.170496
114GROC,603,1.692869
114GROC,604,0.570015
114GROC,605,0.089325
114GROC,606,0.034421
114GROC,608,0.728308
114GROC,610,0.335768
114GROC,620,0.530306
114GROC,671,0.047741
114GROC,673,1.053801
114GROC,677,0.410499
114GROC,717,0.893663
114GROC,724,0.054314
114GROC,737,1.144817
114GROC,742,0.056851
114GROC,840,0.159043
114GROC,845,0.344464
114GROC,1999,0.342023
114GROC,2005,0.035018
114GROC,2011,0.030061
114GROC,2119,0.468995
114GROC,2164,1.033675
114GROC,3402,0.311892
114GROC,3401,0.386605
114GROC,3400,0.237756
114GROC,3399,0.051647
114GROC,3391,1.583356
114GROC,3390,1.212101
114GROC,3389,0.551886
114GROC,3388,0.180243
114GROC,3380,6.890144
114GROC,3379,6.67188
114GROC,3378,3.74715
114GROC,3377,1.040714
114GROC,599,0.328084
114GROC,609,0.307569
114GROC,1051,0.205358
114GROC,1049,0.172241
114GROC,1045,0.128225
114GROC,1043,0.093058
114GROC,611,0.058315
114GROC,196,0.021693
114GROC,105,0.017449
114GROC,1467,0.108634
114GROC,1712,0.142136
114GROC,529,1.738
115GROC,3,0.018264
115GROC,23,0.023076
115GROC,30,0.017772
115GROC,37,0.01327
115GROC,39,0.052274
115GROC,46,0.141598
115GROC,48,0.006746
115GROC,59,0.017312
115GROC,60,0.002399
115GROC,63,0.062013
115GROC,64,0.226893
115GROC,78,0.312102
115GROC,80,0.002497
115GROC,81,0.079409
115GROC,86,0.031366
115GROC,89,0.011169
115GROC,90,0.060543
115GROC,100,0.008831
115GROC,106,0.069886
115GROC,108,0.415277
115GROC,112,0.0034
115GROC,113,0.194586
115GROC,118,0.493326
115GROC,121,0.031471
115GROC,122,0.128275
115GROC,125,0.013103
115GROC,126,0.042961
115GROC,127,0.06303
115GROC,128,0.30967
115GROC,130,0.049127
115GROC,136,0.118244
115GROC,138,0.237553
115GROC,140,0.104713
115GROC,151,0.040633
115GROC,152,0.329564
115GROC,155,0.027731
115GROC,160,0.130961
115GROC,181,0.133703
115GROC,184,0.312102
115GROC,185,0.073842
115GROC,198,0.146186
115GROC,199,0.206658
115GROC,209,0.010996
115GROC,215,0.027731
115GROC,226,0.018536
115GROC,236,0.011878
115GROC,244,0.016661
115GROC,245,0.070385
115GROC,247,0.053776
115GROC,248,0.526845
115GROC,258,0.037776
115GROC,264,0.018829
115GROC,279,5.431838
115GROC,281,0.793173
115GROC,282,2.591418
115GROC,283,1.116126
115GROC,301,0.680159
115GROC,302,1.499762
115GROC,327,0.530893
115GROC,353,0.026496
115GROC,364,0.187698
115GROC,368,0.133575
115GROC,371,0.01789
115GROC,372,0.01883
115GROC,382,2.926628
115GROC,388,0.087277
115GROC,390,0.028507
115GROC,391,0.028211
115GROC,438,0.354126
115GROC,449,0.271058
115GROC,452,14.407211
115GROC,465,15.47565
115GROC,491,0.339061
115GROC,497,0.561056
115GROC,508,0.375039
115GROC,511,0.244375
115GROC,514,0.055641
115GROC,517,0.372345
115GROC,522,0.830711
115GROC,536,0.537429
115GROC,550,0.194701
115GROC,551,0.04194
115GROC,592,0.739112
115GROC,596,0.008831
115GROC,598,0.019398
115GROC,600,0.07037
115GROC,601,0.186363
115GROC,603,0.318429
115GROC,604,0.275571
115GROC,605,0.518259
115GROC,608,0.014814
115GROC,610,0.201756
115GROC,620,0.310935
115GROC,671,0.434261
115GROC,673,2.698902
115GROC,677,0.130961
115GROC,678,2.880517
115GROC,717,1.494699
115GROC,727,0.006534
115GROC,736,0.021886
115GROC,737,0.364533
115GROC,739,0.006147
115GROC,740,0.005104
115GROC,741,0.050029
115GROC,742,0.002833
115GROC,746,0.007065
115GROC,840,0.16702
115GROC,845,0.70249
115GROC,1989,0.082365
115GROC,1999,0.428378
115GROC,2005,0.044511
115GROC,2011,0.021426
115GROC,2119,0.533581
115GROC,2164,1.330616
115GROC,3402,0.294905
115GROC,3401,0.365548
115GROC,3400,0.224806
115GROC,3399,0.048834
115GROC,3391,1.497116
115GROC,3390,1.146082
115GROC,3389,0.521826
115GROC,3388,0.170426
115GROC,3380,5.872198
115GROC,3379,6.308485
115GROC,3378,3.543056
115GROC,3377,0.98403
115GROC,599,0.310215
115GROC,609,0.290817
115GROC,1051,0.194173
115GROC,1049,0.16286
115GROC,1045,0.121241
115GROC,1043,0.087989
115GROC,611,0.055139
115GROC,196,0.020511
115GROC,105,0.016498
115GROC,1467,0.603237
115GROC,1712,0.276538
115GROC,529,7.09
116GROC,46,0.140434
116GROC,78,0.111799
116GROC,108,0.167699
116GROC,118,0.548538
116GROC,126,0.040679
116GROC,128,0.284753
116GROC,130,0.344078
116GROC,140,0.220422
116GROC,152,0.274442
116GROC,160,0.074848
116GROC,181,0.429485
116GROC,184,0.111799
116GROC,185,0.223599
116GROC,199,0.165125
116GROC,244,0.144484
116GROC,247,0.149695
116GROC,248,0.02795
116GROC,258,0.289736
116GROC,279,7.176125
116GROC,282,0.842256
116GROC,283,1.279642
116GROC,301,0.529448
116GROC,302,3.826779
116GROC,327,4.583389
116GROC,382,2.381718
116GROC,449,0.292072
116GROC,452,13.896762
116GROC,465,20.069682
116GROC,491,0.495374
116GROC,522,0.805354
116GROC,536,0.63613
116GROC,551,0.040679
116GROC,592,0.412811
116GROC,604,0.172699
116GROC,605,1.177103
116GROC,610,0.573833
116GROC,671,0.111799
116GROC,673,1.498534
116GROC,677,0.074848
116GROC,717,2.583746
116GROC,742,0.401535
116GROC,845,0.139749
116GROC,2119,0.63613
116GROC,2164,0.511788
116GROC,3402,0.291127
116GROC,3401,0.360866
116GROC,3400,0.221926
116GROC,3399,0.048208
116GROC,3391,1.47794
116GROC,3390,1.131403
116GROC,3389,0.515143
116GROC,3388,0.168243
116GROC,3380,6.27557
116GROC,3379,6.227685
116GROC,3378,3.497676
116GROC,3377,0.971427
116GROC,599,0.306241
116GROC,609,0.287092
116GROC,1051,0.191686
116GROC,1049,0.160774
116GROC,1045,0.119689
116GROC,1043,0.086863
116GROC,611,0.054432
116GROC,196,0.020249
116GROC,105,0.016287
116GROC,1712,0.389923
116GROC,529,8.28
117GROC,46,0.034748
117GROC,279,0.434693
117GROC,282,0.11573
117GROC,283,0.479272
117GROC,438,5.401055
117GROC,452,3.786481
117GROC,465,2.386918
117GROC,592,0.136462
117GROC,671,64.099691
117GROC,678,1.685141
117GROC,3402,0.484383
117GROC,3401,0.147468
117GROC,3400,0.270839
117GROC,3399,0.260977
117GROC,3338,1.756133
117GROC,3337,0.380936
117GROC,599,0.023831
117GROC,609,0.016818
117GROC,1051,0.009047
117GROC,1049,0.003622
117GROC,1045,0.003574
117GROC,1043,0.002891
117GROC,611,0.328337
117GROC,196,0.068207
117GROC,105,0.042744
117GROC,529,17.64
118GROC,1,0.047875
118GROC,25,0.248949
118GROC,30,1.378793
118GROC,36,0.287249
118GROC,42,0.105324
118GROC,44,1.158569
118GROC,51,0.220224
118GROC,64,1.06282
118GROC,78,0.268099
118GROC,89,0.153199
118GROC,92,0.153199
118GROC,103,0.028725
118GROC,108,0.392573
118GROC,109,0.229799
118GROC,118,1.436243
118GROC,121,0.229799
118GROC,122,0.210649
118GROC,128,0.402148
118GROC,130,0.248949
118GROC,132,0.0766
118GROC,136,0.938345
118GROC,139,0.497897
118GROC,141,1.656467
118GROC,148,0.0766
118GROC,149,0.402148
118GROC,152,0.612797
118GROC,155,0.124474
118GROC,162,0.067025
118GROC,185,0.105324
118GROC,187,0.325548
118GROC,192,0.603222
118GROC,193,0.248949
118GROC,198,0.0383
118GROC,199,2.690561
118GROC,230,0.134049
118GROC,244,0.335123
118GROC,247,0.296823
118GROC,248,1.474543
118GROC,264,0.239374
118GROC,267,0.373423
118GROC,282,2.546937
118GROC,302,1.675616
118GROC,354,0.0766
118GROC,367,0.641522
118GROC,369,0.105324
118GROC,371,0.92877
118GROC,388,1.512842
118GROC,390,0.459598
118GROC,391,0.277674
118GROC,438,0.660672
118GROC,449,0.641522
118GROC,452,4.165104
118GROC,485,0.306398
118GROC,491,3.284208
118GROC,508,10.570746
118GROC,511,0.09575
118GROC,524,1.780941
118GROC,550,0.248949
118GROC,551,1.06282
118GROC,592,21.467041
118GROC,596,0.201074
118GROC,598,0.105324
118GROC,600,0.698971
118GROC,601,1.464968
118GROC,603,0.105324
118GROC,604,0.229799
118GROC,605,4.653426
118GROC,608,0.296823
118GROC,610,0.134049
118GROC,620,0.871321
118GROC,678,1.503267
118GROC,717,2.853335
118GROC,737,0.852171
118GROC,742,0.785146
118GROC,1899,0.248949
118GROC,2036,0.440448
118GROC,2116,0.01915
118GROC,2170,0.315973
118GROC,2225,0.181924
118GROC,2244,0.162774
118GROC,2284,4.83535
118GROC,3402,0.20372
118GROC,3401,0.174666
118GROC,3400,0.320791
118GROC,3399,0.30911
118GROC,3338,2.080024
118GROC,3337,0.451193
118GROC,599,0.028226
118GROC,609,0.01992
118GROC,1051,0.010715
118GROC,1049,0.004291
118GROC,1045,0.004234
118GROC,1043,0.003424
118GROC,611,0.388894
118GROC,196,0.080787
118GROC,105,0.050627
118GROC,1082,0.14
118GROC,2243,0.23
118GROC,529,2.45
119GROC,30,0.24363
119GROC,44,0.071982
119GROC,46,0.085824
119GROC,89,0.058139
119GROC,94,0.143963
119GROC,118,0.343297
119GROC,122,0.085824
119GROC,130,0.085824
119GROC,136,0.157806
119GROC,138,0.044296
119GROC,140,0.199334
119GROC,149,0.013843
119GROC,152,0.11351
119GROC,156,0.013843
119GROC,181,0.071982
119GROC,187,0.058139
119GROC,188,1.10741
119GROC,193,0.027685
119GROC,194,0.157806
119GROC,199,0.257473
119GROC,226,0.058139
119GROC,230,0.044296
119GROC,245,0.085824
119GROC,248,0.185491
119GROC,279,11.572434
119GROC,282,1.273521
119GROC,283,0.941298
119GROC,301,1.052039
119GROC,302,0.758576
119GROC,313,0.359908
119GROC,367,0.071982
119GROC,369,0.027685
119GROC,382,3.709823
119GROC,385,0.058139
119GROC,390,0.11351
119GROC,391,0.058139
119GROC,449,0.130121
119GROC,452,2.369857
119GROC,465,6.173811
119GROC,497,0.315612
119GROC,508,0.758576
119GROC,524,0.645066
119GROC,536,2.076394
119GROC,550,0.143963
119GROC,551,0.171649
119GROC,592,1.060345
119GROC,600,0.130121
119GROC,603,0.044296
119GROC,604,0.071982
119GROC,605,0.514946
119GROC,608,0.027685
119GROC,620,0.229788
119GROC,657,0.023228
119GROC,673,3.875935
119GROC,678,0.215945
119GROC,717,1.101873
119GROC,737,0.143963
119GROC,740,0.044296
119GROC,742,0.013843
119GROC,839,0.58139
119GROC,840,0.609075
119GROC,1018,0.885928
119GROC,1065,0.858243
119GROC,1463,0.249167
119GROC,1464,0.470649
119GROC,1691,0.099667
119GROC,3402,0.016571
119GROC,3401,0.00955
119GROC,3400,0.003749
119GROC,3399,0.072905
119GROC,3391,0.38106
119GROC,3390,1.037067
119GROC,3389,0.790018
119GROC,3388,0.5377
119GROC,3380,10.32066
119GROC,3379,16.610969
119GROC,3378,7.088474
119GROC,3377,2.611536
119GROC,599,0.542259
119GROC,609,0.384671
119GROC,1051,0.323238
119GROC,1049,0.199693
119GROC,1045,0.168864
119GROC,1043,0.120996
119GROC,611,0.107926
119GROC,196,0.060256
119GROC,105,0.028569
119GROC,480,0.005683
119GROC,846,0.007361
119GROC,847,0.026736
119GROC,873,0.010946
119GROC,883,0.013196
119GROC,941,0.027804
119GROC,954,0.022311
119GROC,976,1.945104
119GROC,997,1.0679
119GROC,1013,0.02029
119GROC,1047,0.156752
119GROC,1048,0.229217
119GROC,1057,1.678129
119GROC,1595,0.025096
119GROC,1617,0.047674
119GROC,1618,0.091534
119GROC,1619,0.078567
119GROC,1658,0.991622
119GROC,1659,0.457672
119GROC,1660,0.762786
119GROC,1690,0.165525
119GROC,1692,0.139971
119GROC,1693,0.215868
119GROC,1694,0.00942
119GROC,1695,0.014569
119GROC,1704,0.168957
119GROC,1705,0.167431
119GROC,1706,0.091534
119GROC,1707,0.03711
119GROC,1712,1.563711
119GROC,1713,0.026507
119GROC,1714,0.000755
119GROC,1716,0.009115
119GROC,1717,0.006407
119GROC,1801,0.206715
119GROC,1840,0.007628
119GROC,1841,0.009992
119GROC,1845,0.005263
119GROC,1883,0.024867
119GROC,2336,0.001278
119GROC,2339,0.294435
120GROC,25,0.087597
120GROC,30,0.289237
120GROC,44,0.044625
120GROC,46,1.394121
120GROC,64,1.449489
120GROC,78,0.608223
120GROC,80,0.053715
120GROC,89,0.127264
120GROC,94,0.052889
120GROC,106,0.203292
120GROC,107,0.228084
120GROC,108,0.641279
120GROC,181,0.115695
120GROC,184,0.028097
120GROC,185,0.152882
120GROC,188,0.354522
120GROC,199,0.337167
120GROC,230,0.092556
120GROC,258,0.057021
120GROC,279,3.530341
120GROC,281,0.304938
120GROC,282,3.255152
120GROC,283,2.02383
120GROC,301,0.388404
120GROC,302,1.389163
120GROC,313,0.09834
120GROC,315,0.542112
120GROC,367,0.173542
120GROC,371,0.228084
120GROC,382,0.853661
120GROC,438,0.430549
120GROC,449,0.143792
120GROC,452,12.776825
120GROC,465,10.172868
120GROC,514,0.002479
120GROC,517,0.026444
120GROC,522,0.233042
120GROC,531,1.491635
120GROC,598,0.264445
120GROC,600,0.052889
120GROC,603,0.051236
120GROC,604,0.051236
120GROC,605,0.163625
120GROC,608,0.043799
120GROC,610,0.366917
120GROC,620,0.137181
120GROC,671,0.064458
120GROC,673,0.600786
120GROC,678,3.746855
120GROC,698,0.255355
120GROC,717,0.530543
120GROC,740,0.024792
120GROC,742,0.296674
120GROC,839,1.500725
120GROC,845,0.202466
120GROC,996,0.152882
120GROC,1464,1.242065
120GROC,1925,4.8286
120GROC,1926,12.070261
120GROC,1936,0.153709
120GROC,2108,0.361959
120GROC,3402,10.49658
120GROC,3401,1.848013
120GROC,3400,2.037911
120GROC,3399,0.896611
120GROC,599,1.25317
120GROC,609,0.548479
120GROC,1051,0.056699
120GROC,611,0.531122
120GROC,663,0.726
120GROC,716,0.278
120GROC,997,5.843
120GROC,1462,0.048
120GROC,1467,0.23
120GROC,1567,0.324
120GROC,1786,2.921
120GROC,1938,0.177
120GROC,1939,0.146
120GROC,1943,0.002
120GROC,2054,0.09
121GROC,3,0.102611
121GROC,23,0.063965
121GROC,30,0.219247
121GROC,39,0.022879
121GROC,44,0.255386
121GROC,46,0.107787
121GROC,59,0.283184
121GROC,60,0.054455
121GROC,63,0.197469
121GROC,78,0.373098
121GROC,80,0.164761
121GROC,81,0.223059
121GROC,86,0.203687
121GROC,89,0.24047
121GROC,94,0.140715
121GROC,100,0.145244
121GROC,103,0.201529
121GROC,106,0.448012
121GROC,108,0.732756
121GROC,112,0.383203
121GROC,118,0.450649
121GROC,122,0.02039
121GROC,125,0.260411
121GROC,126,0.010661
121GROC,128,0.044857
121GROC,130,0.144756
121GROC,140,0.051035
121GROC,149,0.285168
121GROC,151,0.306007
121GROC,152,0.10997
121GROC,155,0.126571
121GROC,160,0.312427
121GROC,181,0.15338
121GROC,184,0.373098
121GROC,198,0.648083
121GROC,199,0.084657
121GROC,215,0.126571
121GROC,226,0.064013
121GROC,245,0.058019
121GROC,247,0.345462
121GROC,248,0.318948
121GROC,258,0.151457
121GROC,264,0.180131
121GROC,279,0.405299
121GROC,281,1.096263
121GROC,282,1.682835
121GROC,283,1.689517
121GROC,301,0.20194
121GROC,302,0.196332
121GROC,327,2.896516
121GROC,353,0.133488
121GROC,362,0.02039
121GROC,364,0.356443
121GROC,382,1.123659
121GROC,385,0.053013
121GROC,388,0.227366
121GROC,390,0.117051
121GROC,391,0.025138
121GROC,438,0.073213
121GROC,449,0.526379
121GROC,452,9.638329
121GROC,465,1.768849
121GROC,497,0.197277
121GROC,511,0.053292
121GROC,514,0.214113
121GROC,517,0.3907
121GROC,524,0.85406
121GROC,536,0.356947
121GROC,550,0.201627
121GROC,551,0.010661
121GROC,592,0.194769
121GROC,596,0.145244
121GROC,598,0.106977
121GROC,600,0.152258
121GROC,601,0.129763
121GROC,603,1.288424
121GROC,604,0.433832
121GROC,605,0.067984
121GROC,606,0.026198
121GROC,608,0.554308
121GROC,610,0.255549
121GROC,620,0.40361
121GROC,671,0.036335
121GROC,673,0.802036
121GROC,677,0.312427
121GROC,717,0.680157
121GROC,724,0.041338
121GROC,737,0.871308
121GROC,742,0.043269
121GROC,840,0.121046
121GROC,845,0.262168
121GROC,1999,0.26031
121GROC,2005,0.026652
121GROC,2011,0.022879
121GROC,2119,0.356947
121GROC,2164,0.786719
121GROC,3402,0.16629
121GROC,3401,0.766516
121GROC,3400,0.804847
121GROC,3399,0.541889
121GROC,3391,2.764077
121GROC,3390,2.481504
121GROC,3389,1.672173
121GROC,3388,0.740497
121GROC,3380,13.944058
121GROC,3379,14.21483
121GROC,3378,10.866445
121GROC,3377,4.077488
121GROC,599,0.410212
121GROC,609,0.42963
121GROC,1051,0.25818
121GROC,1049,0.2536
121GROC,1045,0.214619
121GROC,1043,0.174576
121GROC,611,0.176696
121GROC,196,0.202306
121GROC,105,0.113156
121GROC,1467,0.144245
121GROC,1712,0.188729
121GROC,529,2.31
122GROC,3,0.078604
122GROC,23,0.049
122GROC,30,0.167953
122GROC,39,0.017526
122GROC,44,0.195637
122GROC,46,0.082569
122GROC,59,0.216931
122GROC,60,0.041715
122GROC,63,0.15127
122GROC,78,0.285809
122GROC,80,0.126214
122GROC,81,0.170873
122GROC,86,0.156033
122GROC,89,0.18421
122GROC,94,0.107793
122GROC,100,0.111263
122GROC,103,0.15438
122GROC,106,0.343196
122GROC,108,0.561322
122GROC,112,0.29355
122GROC,118,0.345217
122GROC,122,0.015619
122GROC,125,0.199486
122GROC,126,0.008167
122GROC,128,0.034362
122GROC,130,0.110889
122GROC,140,0.039095
122GROC,149,0.218451
122GROC,151,0.234414
122GROC,152,0.084242
122GROC,155,0.096959
122GROC,160,0.239332
122GROC,181,0.117495
122GROC,184,0.285809
122GROC,198,0.496459
122GROC,199,0.064851
122GROC,215,0.096959
122GROC,226,0.049037
122GROC,245,0.044445
122GROC,247,0.264638
122GROC,248,0.244328
122GROC,258,0.116023
122GROC,264,0.137988
122GROC,279,0.310476
122GROC,281,0.839784
122GROC,282,1.289123
122GROC,283,1.294242
122GROC,301,0.154695
122GROC,302,0.150398
122GROC,327,2.218855
122GROC,353,0.102257
122GROC,362,0.015619
122GROC,364,0.273051
122GROC,382,0.860771
122GROC,385,0.04061
122GROC,388,0.174172
122GROC,390,0.089666
122GROC,391,0.019257
122GROC,438,0.056084
122GROC,449,0.403228
122GROC,452,7.38337
122GROC,465,1.355014
122GROC,497,0.151123
122GROC,511,0.040824
122GROC,514,0.164019
122GROC,517,0.299293
122GROC,524,0.654246
122GROC,536,0.273436
122GROC,550,0.154455
122GROC,551,0.008167
122GROC,592,0.149201
122GROC,596,0.111263
122GROC,598,0.081949
122GROC,600,0.116636
122GROC,601,0.099404
122GROC,603,0.986987
122GROC,604,0.332334
122GROC,605,0.052079
122GROC,606,0.020069
122GROC,608,0.424623
122GROC,610,0.195762
122GROC,620,0.309183
122GROC,671,0.027834
122GROC,673,0.614394
122GROC,677,0.239332
122GROC,717,0.521029
122GROC,724,0.031667
122GROC,737,0.667459
122GROC,742,0.033146
122GROC,840,0.092726
122GROC,845,0.200832
122GROC,1999,0.199409
122GROC,2005,0.020417
122GROC,2011,0.017526
122GROC,2119,0.273436
122GROC,2164,0.60266
122GROC,3402,8.425581
122GROC,3401,13.360806
122GROC,3400,22.508908
122GROC,3399,15.149759
122GROC,599,0.515403
122GROC,609,0.585759
122GROC,1051,1.001018
122GROC,1049,1.082915
122GROC,1045,0.988118
122GROC,1043,1.043876
122GROC,611,0.457184
122GROC,1467,0.144245
122GROC,1712,0.188729
122GROC,529,2.31
1271030,292,0
1271030,298,0
1271030,300,0
1271030,329,0
1271030,347,0
1271030,380,0
1271030,488,0
1271030,520,0
1271030,525,0
1271030,526,0
1271030,612,0
1271030,613,0
1271030,626,0
1271030,666,0
1271030,669,0
1271030,689,0
1271030,693,0
1271030,694,0
1271030,696,0
1271030,697,0
1271030,699,0
1271030,715,0
1271030,767,0
1271030,778,0
1271030,784,0
1271030,795,0
1271030,797,0
1271030,810,0
